index,vid,name,gender,_pos
0,3,Aage Rasmus Bjelland Figenschou,1,"array([-9.25028578, -4.93670915])"
1,545,Axel Camillo Eitzen,1,"array([-8.32223185, -6.81909378])"
2,771,Bjørn Johan Sjaastad,1,"array([-10.1752654 ,  -3.58766445])"
3,895,Carl Erik Steen,1,"array([-7.89973872, -2.70672595])"
4,2051,Heidi Marie Petersen,2,"array([-10.84766105,  -1.65662072])"
5,2066,Helene Jebsen Anker,2,"array([-12.43590779,  -4.19352818])"
6,4041,Ola Røthe,1,"array([-7.52175803, -6.96638734])"
7,4822,Siv Jønland Staubo,2,"array([-7.74504073, -8.00981352])"
8,5488,Toril Eidesvik,2,"array([-8.08316151, -6.09212057])"
9,10,Ada Merethe Stokstad Kjeseth,2,"array([ 5.86582981, 16.80360742])"
10,156,Anita Marie Hjerkinn Aarnæs,2,"array([ 6.28547494, 16.42778015])"
11,758,Bjørn Halvor Kise,1,"array([ 6.72052896, 16.96926658])"
12,1080,Daniel Andreas Skjeldam,1,"array([ 6.17602886, 15.96629707])"
13,2637,John Einar Høsteland,1,"array([ 4.65725189, 15.91066896])"
14,3213,Kristin Farstad,2,"array([ 5.72852572, 16.29880538])"
15,11,Adine Charlotte Grate Axen,2,"array([-6.26168312,  0.02114258])"
16,81,Anders Brandt,1,"array([-6.04946157,  0.46619647])"
17,191,Anne-Lise Aukner,2,"array([-7.33764379,  0.40593661])"
18,434,Arve Johansen,1,"array([-6.05226593,  1.05345839])"
19,1064,Dag Mejdell,1,"array([-5.53149307,  0.47686721])"
20,2148,Hilde Lovise Ringereide,2,"array([-5.7014457 , -0.01077481])"
21,13,Ådne Kverneland,1,"array([-27.29916775,  14.95164336])"
22,2377,Jan Einar Greve,1,"array([-27.80821929,  14.04167894])"
23,3298,Lars Gustaf Ander,1,"array([-28.24474712,  14.51440928])"
24,3414,Lena Kristina Samuelsson,2,"array([-27.92416837,  15.07078079])"
25,4654,Rolv Erik Ryssdal,1,"array([-27.69238142,  14.58183796])"
26,4719,Ruth Elisabeth Ropstad,2,"array([-27.21804863,  14.31893959])"
27,16,Åge Jan Danielsen,1,"array([-6.65101894,  8.12415597])"
28,1702,Grethe Høiland,2,"array([-7.06245205,  7.08286822])"
29,2235,Ingebrigt Steen Jensen,1,"array([-6.84283989,  8.71588822])"
30,4503,Randi Helene Røed,2,"array([-7.22942393,  8.37814357])"
31,19,Åge Thoresen,1,"array([-10.53693192,  16.74769925])"
32,69,Alvhild Hedstein,2,"array([-10.79706182,  17.06240136])"
33,612,Bente Lie Nilsen,2,"array([-10.08020354,  16.7167682 ])"
34,931,Cato Andreas Holmsen,1,"array([-10.05769239,  15.78058564])"
35,2157,Hilde Vatne,2,"array([-10.33499082,  18.01861773])"
36,2435,Jan Magne Borgen,1,"array([-9.73973186, 17.3942504 ])"
37,2721,Jon Reidar Gundersen,1,"array([-10.15133526,  17.49410846])"
38,3155,Knut Hartvig Johannson,1,"array([-9.7346438 , 16.99706047])"
39,5121,Sverre Leiro,1,"array([-10.2704661 ,  17.10675097])"
40,5122,Sverre Lorentzen,1,"array([-10.61373525,  17.43023977])"
41,20,Agnar Gravdal,1,"array([-6.95601955, -9.74874963])"
42,141,Anette Sofie Olsen,2,"array([ -6.93086774, -10.53773012])"
43,941,Cecilie Blydt Heuch,2,"array([ -6.01502379, -10.5260775 ])"
44,2458,Jan Peter Valheim,1,"array([-6.6149589 , -9.46373065])"
45,4024,Øivin Fjeldstad,1,"array([-5.95124165, -9.95938734])"
46,4377,Per Oscar Lund,1,"array([-7.47804195, -9.44125216])"
47,4939,Stephen Knudtzon,1,"array([ -6.45386891, -10.25763111])"
48,21,Agnes Beathe Lindeman Steen Fosse,2,"array([-8.451833  , -3.42940004])"
49,583,Bengt Olof Thuresson,1,"array([-8.4811121 , -2.93848524])"
50,2293,Ingvild Huseby,2,"array([-8.07633911, -3.22933465])"
51,3911,Nils Kloumann Selte,1,"array([-6.75746587, -1.88811662])"
52,4230,Pål Hvammen,1,"array([-7.56084258, -3.80699556])"
53,4408,Peter Arne Ruzicka,1,"array([-10.70085593,  -3.11645594])"
54,41,Alexander Sunde,1,"array([-24.88791262,   2.14991381])"
55,797,Bjørn Petter Paulsen,1,"array([-24.51901909,   2.57491388])"
56,3827,Morten Garmann,1,"array([-23.20337955,   2.38537227])"
57,4072,Olav Nils Sunde,1,"array([-24.34684931,   1.86290495])"
58,42,Alexander Vicefield,1,"array([-9.68495176, -1.97897397])"
59,146,Anil Gajanan Deshpande,1,"array([-10.14136458,  -1.78998061])"
60,1633,Geir Tore Hjelle,1,"array([-9.91986871, -2.31594499])"
61,3621,Marianne Lie,2,"array([-9.40047858, -1.09835809])"
62,4455,Philippa Dale Wright,2,"array([-10.43587358,  -2.14735838])"
63,4548,Riulf Karsten Rustad,1,"array([-10.21470988,  -2.77253661])"
64,44,Alexandra Bech Gjørv,2,"array([-15.4504999 ,  -6.87814308])"
65,472,Åse Aulie Michelet,2,"array([-14.5593328 ,  -4.39654738])"
66,1222,Eivind Kristofer Reiten,1,"array([-15.30003249,  -8.43657843])"
67,1484,Finn Johnsson,1,"array([-15.79411778,  -7.14621669])"
68,2078,Helge Evju,1,"array([-15.95372634,  -6.73058251])"
69,3488,Liv Gisele Marchand,2,"array([-17.09880695,  -8.60266689])"
70,48,Alf Boy Asheim,1,"array([-20.96510778, -13.6342029 ])"
71,196,Anne-Marie Erdal,2,"array([-20.91351892, -13.02004745])"
72,1334,Erik Gjellestad,1,"array([-20.35109764, -13.55380091])"
73,1432,Eva Christina Eriksson,2,"array([-19.90021766, -12.51560478])"
74,49,Alf Christian Thorkildsen,1,"array([-5.09352646, 11.22520471])"
75,2622,John-Steinar Kvitvang,1,"array([-4.75651657, 10.62515058])"
76,3730,Merete Alnes Mostue,2,"array([-5.27455775, 10.67810761])"
77,3734,Merete Haugli,2,"array([-4.93266052,  9.61894528])"
78,4995,Sturla Sand,1,"array([-4.60213013, 11.22921103])"
79,53,Alf Georg Aarthun,1,"array([13.61776494, -5.73821384])"
80,2191,Idar Jan Ekeland,1,"array([13.06713583, -5.64034379])"
81,2566,Jiangang Xu,1,"array([13.89370433, -5.24205053])"
82,4821,Siv Grete Lea,2,"array([13.51782711, -4.81872809])"
83,5766,Zhong Bei,2,"array([13.00397408, -5.0762226 ])"
84,54,Alf Gerald Engstrøm,1,"array([10.422084  , 24.49507059])"
85,300,Antti Mikael Auno,1,"array([ 9.84842639, 24.5585259 ])"
86,572,Benedicte Tostrup,2,"array([10.23909941, 25.40170695])"
87,1121,Dorthe Lie,2,"array([ 9.72247514, 25.13046691])"
88,4071,Olav Madsen,1,"array([10.66838136, 25.01711135])"
89,63,Alfons Louis Jozef Brusselmans,1,"array([7.32970445, 6.38402129])"
90,381,Arne Møgster,1,"array([6.897915  , 5.70424641])"
91,852,Britt Kathrine Drivenes,2,"array([6.59840457, 6.45157229])"
92,2018,Hege Charlotte Bakken,2,"array([7.4027555 , 5.86793544])"
93,2097,Helge Singelstad,1,"array([5.78448859, 5.71299777])"
94,64,Alfred Ydstebø,1,"array([-3.42716473, 10.33756221])"
95,1286,Ellen Susanne Math Henrichsen,2,"array([-4.04815663, 10.76815865])"
96,1988,Harald Sigurd Pedersen,1,"array([-3.37685404, 11.37870274])"
97,4124,Ole Peter Ludvig Lorentzen,1,"array([-3.97608278, 10.2889725 ])"
98,4460,Pia Magnhild Helena Gideon,2,"array([-3.60047593, 10.74340233])"
99,4870,Stein Aukner,1,"array([-3.53967633,  9.73469917])"
100,66,Allan Åkerstedt,1,"array([-2.75756809,  4.20115888])"
101,1104,Davide De Picciotto,2,"array([-2.26691259,  4.79105404])"
102,1725,Gudrid Eide,2,"array([-2.58270536,  3.18147113])"
103,1846,Hanna-Kaisa Nikkanen,2,"array([-3.75108148,  5.23852815])"
104,2168,Hroar Nilsen,1,"array([-2.7936901 ,  5.04648012])"
105,3236,Kristina Jacobsen,2,"array([-2.32578397,  5.34097916])"
106,5263,Thor Lien,1,"array([-3.87308685,  3.27301931])"
107,5359,Tonje Vegarud,2,"array([-2.96888821,  2.8347626 ])"
108,73,Amund Skarholt,1,"array([-9.22649738, 12.12156319])"
109,204,Anne Breiby,2,"array([-8.09710718, 10.31053765])"
110,1572,Frode Teigen,1,"array([-9.14148564, 11.64620698])"
111,5272,Thore Michalsen,1,"array([-9.54293605, 11.43411289])"
112,5485,Torhild Widvey,2,"array([-10.82430052,  12.38510648])"
113,75,Amy Elizabeth Humphreys,2,"array([-12.09874628,  12.72927078])"
114,541,Audun Stensvold,1,"array([-12.08549565,  13.23130068])"
115,1246,Elin Karfjell,2,"array([-13.32666127,  12.27433724])"
116,2341,James Harry Miller,1,"array([-12.61404482,  12.91586514])"
117,3563,Manuel Nicholas Stamatakis,1,"array([-12.55308364,  13.40585782])"
118,77,Anders-Preben Tengs,1,"array([16.4158843 , -7.91252307])"
119,2609,Johannes Buhagen,1,"array([15.76290505, -8.70517132])"
120,3034,Kjell Dahl,1,"array([16.37843681, -8.55041635])"
121,3260,Laimonis Richards Alexanders Jaucis,1,"array([15.82509978, -7.67032053])"
122,4824,Siv Lippert,2,"array([15.9565722 , -8.18993689])"
123,5026,Svein Dahl,1,"array([15.41665368, -8.15883344])"
124,78,Anders Almestad,1,"array([-10.17493872,  27.11613864])"
125,356,Arne Guttorm Tande,1,"array([-9.91666505, 28.03067186])"
126,858,Britt Stene,2,"array([-9.44922856, 27.69330442])"
127,3338,Lars Per Eikeland,1,"array([-9.60501192, 27.13080892])"
128,3442,Linda Litlekalsøy Aase,2,"array([-10.36490899,  27.66425581])"
129,79,Anders Berggren,1,"array([-28.32675449,  18.93089243])"
130,2659,John Olof Solberg,1,"array([-28.33153784,  19.69466766])"
131,2794,Jorunn Ygre Storjohann,2,"array([-28.99118225,  19.31022186])"
132,83,Anders Eckhoff,1,"array([-12.87947407,  14.85723841])"
133,377,Arne Magnus Rise,1,"array([-12.15416255,  15.14227735])"
134,1707,Gro Gauthun Kielland,2,"array([-11.85338766,  13.91053958])"
135,3494,Liv Marit Lundby,2,"array([-12.67953183,  15.4233893 ])"
136,88,Anders Gunnestad Pedersen,1,"array([ 5.05339824, 15.60835947])"
137,2242,Inger Beate Svenneby Herland,2,"array([ 4.18322684, 15.2388679 ])"
138,2745,Jørgen Aaby,1,"array([ 5.56548573, 15.30374029])"
139,3862,Naja Dannow,2,"array([ 5.09894674, 16.82171657])"
140,90,Anders Hedeboe Jakobsen,1,"array([18.29080535, -1.23408779])"
141,2723,Jon Sigurd Svenningsen,1,"array([18.08174183, -2.15072593])"
142,2852,Kåre Wessel,1,"array([18.99285724, -1.87045772])"
143,3458,Linne Fromm-Christiansen,2,"array([18.44548364, -1.75757925])"
144,3639,Marie-Christine Jansby,2,"array([18.81664967, -1.34735378])"
145,3752,Mette Stendahl Plomgaard,2,"array([17.91932833, -1.63461395])"
146,5238,Thomas Nørgaard,1,"array([18.62297253, -2.27510213])"
147,91,Anders Hvide,1,"array([-14.93844499, -12.53646506])"
148,238,Anne Jorun Aas,2,"array([-14.30609759, -11.95062334])"
149,679,Birgitte Feginn Angelil,2,"array([-13.97008732, -12.28969364])"
150,1111,Dia Stompanato Weil,2,"array([-14.437224  , -12.48948044])"
151,1380,Erik Thorsen,1,"array([-14.27351423, -13.09689564])"
152,2171,Hugo Lund Maurstad,1,"array([-14.82091315, -10.98675528])"
153,5732,William Herman Crown,1,"array([-14.82656553, -12.07964751])"
154,96,Anders Kvarberg,1,"array([20.84602957, 10.58550736])"
155,1631,Geir Thomassen,1,"array([21.45176783, 11.07661914])"
156,3863,Nanna Gjerde,2,"array([20.72617259, 11.34134351])"
157,100,Anders Meland,1,"array([-22.71868397,  19.36611776])"
158,262,Anne Sauro Hellsten,2,"array([-22.27531238,  18.52461457])"
159,2894,Karianne Weyergang Marcussen,2,"array([-22.91521395,  18.72242632])"
160,5168,Terje Johan Wulff,1,"array([-22.07418575,  19.16696288])"
161,104,Anders Paul Wiklund,1,"array([-22.0391587,  -4.244533 ])"
162,277,Annette Clancy,2,"array([-22.62418557,  -4.1856097 ])"
163,888,Carl Christian Gilhuus-Moe,1,"array([-22.70673353,  -3.6908022 ])"
164,1132,Edward Karol Sikora,1,"array([-22.3527831,  -4.6170622])"
165,1630,Geir Stormorken,1,"array([-22.21644836,  -3.75051744])"
166,2144,Hilde Hermansen Steineger,2,"array([-21.08924317,  -3.65406324])"
167,2898,Karin Cecilie Kullmann Five,2,"array([-23.27186266,  -4.43941955])"
168,106,Anders Skjævestad,1,"array([23.79196229,  3.55206338])"
169,264,Anne Sofie Bjørkholt,2,"array([23.63268708,  2.77836194])"
170,2712,Jon Henrik Bruvoll,1,"array([24.36175814,  3.03049281])"
171,109,Anders Talleraas,1,"array([ 7.85696292, -7.13432528])"
172,2032,Hege Sævik Rabben,2,"array([ 7.79295538, -7.81861666])"
173,2070,Helge Aarseth,1,"array([ 8.29771212, -7.38211352])"
174,2498,Janicke Westlie Driveklepp,2,"array([ 8.87030929, -7.47120877])"
175,2568,Jill Annette Aasen,2,"array([ 8.72971049, -6.97778333])"
176,4388,Per Rolf Sævik,1,"array([ 8.5031706 , -7.83680135])"
177,4597,Roger Granheim,1,"array([ 8.2494593 , -6.79223408])"
178,110,Anders Thuve,1,"array([ 9.09737623, 18.79072386])"
179,4037,Ola Krohn-Fagervoll,1,"array([ 8.30888665, 18.19858572])"
180,5006,Susanne Lene Rangnes Schneider,2,"array([ 9.63832184, 19.43462804])"
181,136,Andrew Seth Weinberg,1,"array([-30.74342989,  11.20762145])"
182,1140,Egil Bodd,1,"array([-30.59860019,  11.85955745])"
183,3262,Lance Lloyd Hirt,1,"array([-31.39963009,  11.36267967])"
184,4983,Stig Terje Sunde,1,"array([-31.24599559,  12.00622539])"
185,182,Anna Synnøve Bye,2,"array([ -6.18551115, -11.64544906])"
186,916,Carsten Andreas Mellbye,1,"array([ -6.98770257, -12.12429573])"
187,2004,Håvar Poulsson,1,"array([ -6.45167044, -12.10589374])"
188,4265,Pauline Mary Walsh,2,"array([ -6.69402634, -11.48900202])"
189,5227,Thomas Fredrik Olsen,1,"array([ -7.21763509, -11.64360292])"
190,142,Anette Solstad,2,"array([-7.4620202 , -5.19770037])"
191,1978,Harald Magne Eikesdal,1,"array([-8.13814393, -5.49036117])"
192,2991,Ketil Lenning,1,"array([-7.94189351, -5.03570624])"
193,4330,Per Gunnar Solstad,1,"array([-7.58408633, -5.67715582])"
194,5208,Terje Vareberg,1,"array([-8.73601776, -4.12901606])"
195,145,Aniela Gabriela Gjøs,2,"array([-13.21014694,  11.02395645])"
196,643,Bernd Hubert Joachim Bothe,1,"array([-13.52381041,  11.60521401])"
197,2028,Hege Marie Norheim,2,"array([-13.73463449,  11.11615934])"
198,4300,Per Arthur Sørlie,1,"array([-12.9526805 ,  11.51068094])"
199,5065,Svein Rennemo,1,"array([-12.37639513,  10.35275585])"
200,151,Anita Karin Patrick,2,"array([  0.76706517, -13.6770639 ])"
201,3780,Mogens Jessen,1,"array([  0.87126588, -12.74712273])"
202,3860,Morten Wilfred Rødsten,1,"array([  1.29567524, -13.25600421])"
203,3878,Niels Jørgen Krogsgård,1,"array([  0.34943468, -13.17206028])"
204,163,Ann-Kristin Hageløkken,2,"array([22.92697425,  7.93277801])"
205,894,Carl Erik Mathias Uhlen,1,"array([23.72556553,  8.3875913 ])"
206,1690,Greta Bentzen,2,"array([22.8148504 ,  8.49113559])"
207,1914,Hans Johan Hekland,1,"array([23.30760915,  8.77965834])"
208,4588,Robert Verner Ahlgren,1,"array([23.4839901 ,  7.86749756])"
209,168,Ann-Tove Kongsnes,2,"array([-21.92441291,   6.70492605])"
210,571,Benedicte Heidenreich Fossum,2,"array([-20.11011031,   5.71167615])"
211,2657,John Ole Skeide,1,"array([-21.02250554,   6.57430904])"
212,2924,Karl Johan Jakola,1,"array([-21.89829169,   6.17889623])"
213,3430,Lill Beate Pedersen,2,"array([-21.38386473,   6.14150682])"
214,4901,Steinar Fossen,1,"array([-21.43386439,   6.99255645])"
215,5695,Viktor Helmer Sørensen,1,"array([-21.50483   ,   6.56249196])"
216,170,Ann Elizabeth Seabrook,2,"array([-2.95152049,  8.49445751])"
217,425,Artur Rastrogin,1,"array([-2.29572175,  7.86145554])"
218,1186,Einar Olof Lyche,1,"array([-3.18928343,  7.95942189])"
219,1525,Frederick Matthew Thomas Ponsonby,1,"array([-2.74703672,  7.55045403])"
220,2958,Katherine Hatlen Støvring,2,"array([-3.98566974,  7.47111455])"
221,3438,Linda Dowding,2,"array([-2.43860046,  8.40862819])"
222,3773,Mikhail Alyautdinov,1,"array([-2.72173119,  8.02080233])"
223,174,Anna-Stina Nordmark Nilsson,2,"array([-12.42634481,   1.32397307])"
224,252,Anne Margrethe Sødahl Wessel,2,"array([-12.2006919 ,   1.77844121])"
225,2908,Karl-Erik Staubo,1,"array([-12.14254979,   0.91648144])"
226,4730,Selma Kveim,2,"array([-11.07171647,   1.69983994])"
227,4964,Stig Göran Martin,1,"array([-11.71439033,   1.78762398])"
228,4965,Stig Grimsgaard Andersen,1,"array([-11.93301606,   1.3390409 ])"
229,5288,Tine Gottlob Kirstan Wollebekk,2,"array([-11.61634186,   0.72557599])"
230,5666,Veroslav Sedlak,1,"array([-11.50923123,   1.25004319])"
231,175,Anna Cecilie Holst,2,"array([-3.92507864, 26.57865817])"
232,3806,Morten Ågnes,1,"array([-3.3614445, 26.2205659])"
233,4295,Per Arne Johnsen,1,"array([-4.29765233, 26.02386632])"
234,4649,Rolf Tore Spjelkavik,1,"array([-3.73965496, 25.65549843])"
235,184,Anna Yvonne Monica Malm Bernsten,2,"array([ 6.99090316, 31.46035403])"
236,340,Arne Aarnes,1,"array([ 6.29986242, 32.11581361])"
237,3005,Kirsten English,2,"array([ 6.32256188, 31.44620476])"
238,5321,Tom Roland Nyman,1,"array([ 6.97576557, 32.13699794])"
239,1357,Erik Must,1,"array([-9.25963614,  1.43195761])"
240,1488,Finn Marum Jebsen,1,"array([-8.97212998, -1.38543665])"
241,2301,Irene Waage Basili,2,"array([-8.24845825,  0.68668888])"
242,2643,John Giverholt,1,"array([-8.5301611 ,  2.32631087])"
243,200,Anne Berit Sandnes,2,"array([-29.33517669, -16.14569548])"
244,281,Annette Nora Thorvik Pettersen,2,"array([-29.46553155, -16.62069484])"
245,1336,Erik Glende Johnsen,1,"array([-28.79910394, -17.06795361])"
246,1435,Eva Helene Sydskjør,2,"array([-29.04108421, -16.46573067])"
247,2321,Ivar Sigmund Williksen,1,"array([-28.68902051, -16.56051328])"
248,3053,Kjell Hetland,1,"array([-28.38488533, -16.88811033])"
249,3188,Kolbjørn Opsahl Selmer,1,"array([-29.18223191, -16.96580162])"
250,4549,Roald Dolmen,1,"array([-28.53431249, -16.06326244])"
251,4814,Siv Bakke Rivenes,2,"array([-28.27213289, -16.41225967])"
252,5740,Willy Anker Hansen,1,"array([-28.94451891, -15.95194977])"
253,1047,Dag-Erik Rasmussen,1,"array([-5.70397786,  5.87174285])"
254,1744,Gunnar Domstein,1,"array([-6.8360672 , 11.49274754])"
255,1783,Gunvor Ulstein,2,"array([-7.75503898,  7.9214319 ])"
256,2193,Idar Lars Ulstein,1,"array([-8.13832183, 11.51091165])"
257,2220,Inge Leif Sleipnes,1,"array([-7.40118148, 12.15266493])"
258,2240,Inger Adele Myklebust,2,"array([-7.1421853 , 10.58750031])"
259,2258,Ingerid Ulstein,2,"array([-7.92260273, 11.92732294])"
260,3027,Kjell Arvid Storeide,1,"array([-9.99128187,  7.52965097])"
261,3167,Knut Magne Domstein,1,"array([-7.58147372, 10.91329293])"
262,3825,Morten Frogner,1,"array([-6.71565057, 10.92043429])"
263,3901,Nils Fredrik Drabløs,1,"array([-7.20515539, 11.20595271])"
264,4653,Rolv Bakke,1,"array([-8.33160648, 12.05599244])"
265,5082,Sveinung Andreas Flem,1,"array([-7.56220304, 11.67594193])"
266,5468,Tore Ulstein,1,"array([-7.8840447 , 12.39621522])"
267,205,Anne Breive,2,"array([ -2.43804179, -17.81129091])"
268,694,Bjarne Egill Skeie,1,"array([ -2.22491738, -17.10203471])"
269,2436,Jan Magne Galåen,1,"array([ -1.70335231, -18.05983141])"
270,3101,Kjerstin Fyllingen,2,"array([ -1.92761394, -17.56448455])"
271,5623,Trym Skeie,1,"array([ -1.48931141, -17.2805625 ])"
272,207,Anne Brit Liseth,2,"array([ 1.78630382, 12.18523605])"
273,1290,Else Bugge Fougner,2,"array([ 0.82020322, 10.93203806])"
274,1576,Gabriel Smith,1,"array([ 2.23941382, 12.33737253])"
275,2606,Johan Solbu Braaten,1,"array([ 2.5573637 , 13.84167525])"
276,3153,Knut Haraldson,1,"array([ 1.6428239 , 12.65527806])"
277,209,Anne Britt Bekken,2,"array([-10.83583857,   6.41354212])"
278,617,Bente Sollid,2,"array([-11.03735087,   6.82776788])"
279,1338,Erik Hagen,1,"array([-10.62555167,   6.72672156])"
280,1563,Frode Nordseth,1,"array([-11.19671946,   6.49506413])"
281,2826,Kaare Moursund Gisvold,1,"array([-13.20578416,   6.5370892 ])"
282,3474,Liselott Kilaas,2,"array([-9.80816144,  5.2975919 ])"
283,3648,Marit Arnstad,2,"array([-11.00901605,   8.77140071])"
284,4961,Stig Eide Sivertsen,1,"array([-9.01925996,  5.75875124])"
285,5196,Terje Roll Danielsen,1,"array([-10.75187973,   7.07245925])"
286,211,Anne Carine Tanum,2,"array([-2.62027258,  6.70435028])"
287,593,Bent Pedersen,1,"array([-0.88300399,  6.76011102])"
288,602,Bente Gudveig Brevik,2,"array([-1.49182815,  7.1941625 ])"
289,640,Berit Svendsen,2,"array([-5.50632002,  6.49917092])"
290,810,Bjørn Sund,1,"array([-1.17972661,  6.34216171])"
291,1734,Gunilla Kristina Åstrand Berg,2,"array([-1.57335609,  6.67739627])"
292,2511,Jarle Bergo,1,"array([-3.62900297,  6.36562807])"
293,2833,Kai Nyland,1,"array([-3.58295997,  6.90099199])"
294,5460,Tore Olaf Rimmereid,1,"array([-0.99917976,  7.25557736])"
295,5498,Torill Rambjør,2,"array([-4.058036  ,  6.79670919])"
296,213,Anne Cathrine Fodstad,2,"array([ 5.4070694 , 18.39199823])"
297,1493,Finn Olav Berglie,1,"array([ 4.86285325, 18.14358782])"
298,1716,Gudleik Njå,2,"array([ 5.82232788, 17.96577642])"
299,4011,Oddvar Fodstad,1,"array([ 5.28183856, 17.73639064])"
300,215,Anne Catrine Kleive-Mathisen,2,"array([-17.54516375,  -2.83968342])"
301,1215,Eivind Bøe,1,"array([-17.70333218,  -3.39432095])"
302,1279,Ellen Merete Kruse Brække,2,"array([-17.85533579,  -2.42365897])"
303,1548,Fritz Thorkil Rieber,1,"array([-16.75353889,  -2.56492657])"
304,4679,Roy Widar Furulund,1,"array([-18.14236358,  -3.19438853])"
305,216,Anne Cecilie Fagerlie,2,"array([-7.3965892 ,  5.65566098])"
306,407,Arnhild Schia,2,"array([-7.99120009,  5.82561729])"
307,542,Audun Wickstrand Iversen,1,"array([-6.4025262 ,  3.56627165])"
308,3032,Kjell Bråthen,1,"array([-8.48606949,  5.04795512])"
309,3890,Nils Andreas Foldal,1,"array([-6.68088452,  5.6390564 ])"
310,3950,Nini Eugenie Høegh Nergaard,2,"array([-6.00359551,  7.31708108])"
311,4218,Paal Espen Johnsen,1,"array([-8.33889984,  6.25540296])"
312,5195,Terje Rogne,1,"array([-9.20980012,  6.37260313])"
313,5431,Tore Engebretsen,1,"array([-8.43071065,  5.70176369])"
314,217,Anne Cecilie Underthun Marstein,2,"array([-12.18243311,   5.72631263])"
315,2462,Jan Pihl Grimnes,1,"array([-12.68538752,   4.85996453])"
316,3238,Kristine Birgitte Eiken,2,"array([-12.56926399,   6.16242176])"
317,5064,Svein Ramsay Goli,1,"array([-12.80085009,   5.62897145])"
318,218,Anne Dæhlie,2,"array([-19.59005378,  27.92777503])"
319,871,Camilla Fiskevoll,2,"array([-20.11848946,  28.69550866])"
320,1067,Dag Øivind Dvergsten,1,"array([-19.26661035,  28.39172326])"
321,1152,Egil Martin Ullebø,1,"array([-19.57808394,  28.86753515])"
322,5143,Tarmo Johan Tuominen,1,"array([-20.12136244,  28.12571164])"
323,219,Anne Drinkwater,2,"array([-17.05749501,   5.91613131])"
324,2182,Ida Helliesen,2,"array([-17.32522136,   6.41867734])"
325,3054,Kjell Inge Røkke,1,"array([-16.56131753,   5.06455885])"
326,3503,Lone Fønss Gjørup Schrøder,2,"array([-16.05942512,   6.51011796])"
327,4194,Øyvind Eriksen,1,"array([-17.51817093,   6.00420337])"
328,4404,Percy Henrik Mikael Lilius,1,"array([-16.82971929,   6.29099486])"
329,4725,Sarah Elizabeth Ryan,2,"array([-17.13024229,   6.81125048])"
330,222,Anne Fredriksen,2,"array([-13.56989401,   0.19323066])"
331,2858,Karen Sund,2,"array([-13.55263741,   1.39600371])"
332,3835,Morten Henriksen,1,"array([-13.81784475,  -0.26749902])"
333,4713,Rune Valle,1,"array([-13.15756042,  -0.06080288])"
334,5133,Sverre Valvik,1,"array([-12.85631814,  -1.12340966])"
335,224,Anne Gine Hestetun,2,"array([5.98726736, 2.96549344])"
336,838,Brian Chang,1,"array([6.2734461 , 3.62025004])"
337,1241,Eli Sætersmoen,2,"array([6.95653115, 2.99532637])"
338,1931,Hans Olav Lindal,1,"array([6.80070248, 3.64057614])"
339,3550,Magnus Stangeland,1,"array([6.39404066, 2.86091761])"
340,3800,Monica Siv Salthella,2,"array([5.90629214, 3.38924282])"
341,4020,Oddvar Skjegstad,1,"array([6.29697612, 4.13330317])"
342,4021,Oddvar Stangeland,1,"array([5.44162288, 3.9565059 ])"
343,4708,Rune Skarveland,1,"array([6.52909474, 3.27188007])"
344,226,Anne Grete Ellingsen,2,"array([-9.33844346,  8.05097624])"
345,2020,Hege Eikeland,2,"array([-9.09120458,  7.56197764])"
346,2664,John Rae Pickard,1,"array([-8.80257661,  8.05435884])"
347,4727,Scott Irving Kerr,1,"array([-8.59147548,  7.52454956])"
348,230,Anne Gro Sundby,2,"array([13.55918129, 28.2998086 ])"
349,820,Bo Lundqvist,1,"array([14.0550504 , 27.52066793])"
350,2542,Jens Eric Jepsen Christensen,1,"array([13.53334332, 27.72702296])"
351,3374,Leif Corinth-Hansen,1,"array([14.10958781, 28.45720991])"
352,3834,Morten Helge,1,"array([14.41647618, 27.96493654])"
353,234,Anne Hjelle,2,"array([ 0.71665242, -2.47897818])"
354,2348,Jan-Emil Johannessen,1,"array([ 0.95853865, -2.04616815])"
355,2646,John Gunnar Strøm,1,"array([ 0.50361276, -1.93151567])"
356,2676,Johnny Ballestad,1,"array([-0.56800458, -1.48376215])"
357,3482,Liv Bente Fagerbakke Storebø,2,"array([ 0.33174591, -2.78698913])"
358,4694,Rune Ingve Fløgstad,1,"array([ 1.30122797, -2.97601445])"
359,4820,Siv Gausdal Eriksen,2,"array([ 0.17627745, -2.33514574])"
360,237,Anne Johnsrud Hagen,2,"array([-20.84401659, -10.21682409])"
361,531,Audun Bø,1,"array([-20.59053925, -10.65478697])"
362,597,Bente Avnung Landsnes,2,"array([-21.36203637, -10.48366977])"
363,1739,Gunn Oland,2,"array([-20.27031666, -10.25438391])"
364,2998,Kim Dobrowen,1,"array([-20.5049718 ,  -9.75792144])"
365,3147,Knut Erik Robertsen,1,"array([-21.00820124,  -9.74547136])"
366,3408,Leiv Askvig,1,"array([-19.49852965,  -9.61025571])"
367,247,Anne Kristine Baltzersen,2,"array([-0.83998621, 15.2018374 ])"
368,1438,Eva Kristine Schei,2,"array([ 0.52353792, 15.63714076])"
369,1603,Geir Holmgren,1,"array([-0.06150942, 16.07409046])"
370,1792,Gustav Heiberg Simonsen,1,"array([-2.32773226, 15.05489553])"
371,2192,Idar Kreutzer,1,"array([ 0.22863029, 15.20529559])"
372,3291,Lars Even Moe,1,"array([-3.4601341 , 13.78721981])"
373,3592,Maria Borch Helsengreen,2,"array([ 1.15703678, 15.19613445])"
374,3928,Nils Robert Hodnesdal,1,"array([ 0.43228336, 16.10944682])"
375,4894,Stein Wessel-Aas,1,"array([-0.0892852 , 15.59666991])"
376,253,Anne Marie Cannon,2,"array([-17.62286674,   2.96698925])"
377,1021,Christine Bosse,2,"array([-17.86543085,   3.29026406])"
378,1473,Finn Berg Jacobsen,1,"array([-19.40916678,   2.04215405])"
379,3219,Kristin Margrethe Krohn Devold,2,"array([-16.74823386,   1.54152794])"
380,258,Anne Øian,2,"array([2.94175141, 5.81890167])"
381,3426,Liang Liu,1,"array([2.71494078, 6.47548929])"
382,3589,Mari Thjømøe,2,"array([2.17890902, 5.96860128])"
383,4946,Stewart Gordon Smith,1,"array([3.44596641, 6.02648309])"
384,5027,Svein Eggen,1,"array([3.25684199, 6.59286691])"
385,260,Anne Paula Ekeren Bjone,2,"array([-22.53244592, -10.60405681])"
386,1602,Geir Heggem,1,"array([-22.7570799 , -11.17464699])"
387,4025,Øivind Amundsen,1,"array([-22.17809649, -11.34563756])"
388,265,Anne Sofie Myrmel Bruun-Olsen,2,"array([-3.65019051,  3.85542281])"
389,468,Asbjørn Reinkind,1,"array([-1.6225177 ,  4.36978037])"
390,559,Bård Brath Ingerø,1,"array([-3.57411892,  4.40895821])"
391,1801,Gyrid Skalleberg Ingerø,2,"array([-2.97818147,  3.6722777 ])"
392,1982,Harald Niclas Tøsti,1,"array([-6.12694763,  4.28264981])"
393,3865,Narve Reiten,1,"array([-3.94981906,  4.15791216])"
394,266,Anne Sofie Nilsen,2,"array([-1.29731872, 35.30851972])"
395,2155,Hilde Rolandsen,2,"array([-1.68651964, 34.93266912])"
396,3100,Kjerstin Elisabeth Rasmussen Braathen,2,"array([-0.90861471, 35.70290972])"
397,4237,Pål Skoe,1,"array([-1.82215653, 35.45443772])"
398,5162,Terje Halvorsen,1,"array([-1.44765701, 35.83357536])"
399,5212,Terje Werner Straume,1,"array([-0.76235921, 35.16242327])"
400,5248,Thor Andersen,1,"array([-1.16702507, 34.77600328])"
401,267,Anne Sofie Utne,2,"array([5.38619907, 7.35426344])"
402,690,Birthe Cecilie Lepsøe,2,"array([4.54621468, 8.13196491])"
403,1000,Christian Maureira,1,"array([5.52458609, 6.76010022])"
404,1216,Eivind Eidesvik,1,"array([4.88504111, 8.83220875])"
405,1269,Elise Henriette Novik,2,"array([5.70182188, 6.36366297])"
406,1303,Endre Sekse,1,"array([6.31916008, 6.77916075])"
407,2793,Jorunn Petrine Frøyen,2,"array([6.15546905, 6.31009065])"
408,3193,Kristian Eidesvik,1,"array([5.21715112, 8.57852744])"
409,3548,Magnus Johan Ytterstad,1,"array([5.96050129, 6.72488016])"
410,4529,Reno Dimmen,1,"array([6.61011448, 7.03392651])"
411,4764,Sigurd Strand Teige,1,"array([6.23212577, 7.25756561])"
412,5092,Sven Aage Thoen,1,"array([3.42386192, 7.88469065])"
413,5425,Tore Andre Haugen,1,"array([5.86729057, 7.12377623])"
414,275,Annette Aubert Gilje,2,"array([ -7.80960913, -21.64737146])"
415,1298,Emil Aubert,1,"array([ -8.10800357, -22.09274272])"
416,1643,Georg Kervel,1,"array([ -8.33859065, -21.59776943])"
417,1649,George Emil Aubert,1,"array([ -8.65843682, -22.04820848])"
418,3638,Marichen Winsnes Lenæs,1,"array([ -7.86775656, -22.58577803])"
419,4748,Signe Holta Ringertz,2,"array([ -7.56773998, -22.1297806 ])"
420,5303,Tom Coward,1,"array([ -8.43078298, -22.55287659])"
421,276,Annette Beate Wacknitz Malm Justad,2,"array([-5.89980256,  2.48460413])"
422,913,Carol Bell,2,"array([-6.79380977,  2.88975498])"
423,1054,Dag Fasmer Wittusen,1,"array([-4.66975317,  2.47220145])"
424,1081,Daniel Joseph Piette,1,"array([-6.50568971,  2.32052375])"
425,1500,Francis Robert Gugen,1,"array([-7.0061509 ,  2.46877828])"
426,1970,Harald Johan Norvik,1,"array([-7.67228724,  3.2434376 ])"
427,2167,Holly Ann Van Deursen,2,"array([-6.32820281,  2.83013522])"
428,3346,Lars Solbakken,1,"array([-4.48756693,  1.89559784])"
429,3970,Odd Ingar Skaug,1,"array([-7.02213676,  1.82167939])"
430,286,Annika Billström,2,"array([-17.3525952, -13.0196355])"
431,1704,Gro Bakstad,2,"array([-18.02816805, -13.98128536])"
432,1878,Hans-Jürgen Kai Von Uthmann,1,"array([-18.27876734, -12.96078973])"
433,2564,Jette Wigand Knudsen,2,"array([-17.81479831, -13.23787403])"
434,3696,Martin Mæland,1,"array([-17.67853487, -11.60646942])"
435,4268,Peder Christian Løvenskiold,1,"array([-17.81404181, -12.69766402])"
436,308,Ari Antero Kaperi,1,"array([-12.44474541,  26.56996431])"
437,900,Carl Fredrik Stenson Rystedt,1,"array([-13.28620362,  26.9622249 ])"
438,2904,Karin Sigrid Thorburn,2,"array([-13.07211972,  26.34485882])"
439,3705,Mary Helene Moe,2,"array([-12.67465443,  27.20128987])"
440,312,Aril Resen,1,"array([-1.62501075, 13.48569911])"
441,937,Cecilie Amdahl,2,"array([-2.08776808, 12.69645   ])"
442,1365,Erik Osmundsen,1,"array([-1.04335699, 13.47563665])"
443,3483,Liv Bergthorsdottir,2,"array([-1.3149251 , 14.01620257])"
444,3975,Odd Johnny Winge,1,"array([-1.90507223, 13.98207247])"
445,313,Arild Abel Engh,1,"array([-21.58692037,   2.17483488])"
446,409,Arnold Rørholt,1,"array([-21.84439259,   3.09889093])"
447,1640,Georg Edvard Gunnerød,1,"array([-21.81924794,   2.5989886 ])"
448,2814,Judith Lee Bollinger,2,"array([-21.2304246 ,   2.52002887])"
449,4285,Per Anders Grudén,1,"array([-21.35140362,   3.06260871])"
450,5342,Tone Bjørnov,2,"array([-20.53640462,   2.90340219])"
451,338,Armin Theodor Papperger,1,"array([17.02285005, 10.17614685])"
452,2107,Helmut Paul Merch,1,"array([16.38907047,  9.97374801])"
453,2688,Jon Asbjørn Bø,1,"array([16.60888881,  9.33971374])"
454,3509,Luitjen Rolf Ennenga,1,"array([17.23469221,  9.55101483])"
455,358,Arne Hansteen,1,"array([-20.34662164,   1.08960732])"
456,577,Bengt Arve Rem,1,"array([-19.94296649,   0.77238906])"
457,623,Beret Luise Sundet,2,"array([-20.76005362,   0.89482441])"
458,684,Birgitte Teigland,2,"array([-19.89800849,   1.25494213])"
459,832,Børre Anton Bonnevie Grønningsæter,1,"array([-20.2858125 ,   1.60879409])"
460,4892,Stein Vidar Håland,1,"array([-20.72268902,   1.42441102])"
461,5671,Vibeke Kristin Svendsby,2,"array([-20.38830932,   0.59498244])"
462,359,Arne Haugseth,1,"array([ -3.04626415, -25.76021553])"
463,1159,Eigel Ingvar Thom,1,"array([ -3.80328554, -25.84307896])"
464,1427,Eva Andersen Røraas,2,"array([ -3.50872945, -25.1304388 ])"
465,361,Arne Hygen Tørnkvist,1,"array([-31.86242085,  14.64083111])"
466,1085,David Anla Llewelyn Bandele,1,"array([-32.62615675,  14.69883273])"
467,3212,Kristin Dyb,2,"array([-32.197947  ,  15.32675058])"
468,362,Arne Incoronato,1,"array([-16.33958609,  27.50580064])"
469,1886,Hans Anfinn Eide Helland,1,"array([-15.75232945,  27.78212639])"
470,2093,Helge Orstad,1,"array([-16.45429999,  28.55468233])"
471,3371,Leif Arvid Høiland,1,"array([-16.2294106 ,  28.03956114])"
472,3397,Leif Roar Høiland,1,"array([-15.82730008,  28.42143922])"
473,4646,Rolf Smedvig Hodne,1,"array([-16.77894372,  27.9888956 ])"
474,382,Arne Nicander,1,"array([-16.90437534,  32.48109482])"
475,1900,Hans Göran Thorshag,1,"array([-16.02654831,  32.20345619])"
476,2534,Jennifer Andrea Mcnee,2,"array([-16.35399237,  31.74186844])"
477,3048,Kjell Hans Bakke,1,"array([-16.89750839,  31.91544526])"
478,5551,Trine Hartmann Klungland,2,"array([-16.35996138,  32.6745413 ])"
479,391,Arne Smedal,1,"array([1.87022501, 4.52023987])"
480,2540,Jens Dag Ulltveit-Moe,1,"array([1.47525758, 2.95613565])"
481,4791,Siri Beate Hatlen,2,"array([2.35556428, 4.19310312])"
482,5324,Tom Ruud,1,"array([1.86019825, 3.83572072])"
483,393,Arne Solberg,1,"array([  0.06256298, -24.3405122 ])"
484,461,Asa Matti Lyytinen,1,"array([ -0.06589399, -23.77950957])"
485,1730,Gun Lisbeth Gustafsson,2,"array([ -0.62176216, -23.71657769])"
486,2000,Harri Tapio Takanen,1,"array([ -0.84688467, -24.24169048])"
487,4139,Olena Anfimova,2,"array([ -0.42900197, -24.63455305])"
488,396,Arne Thorolf Wiese Tønjum,1,"array([-22.31154846,   2.02088788])"
489,1252,Elisabeth Agnete Weme Bjerkestrand,2,"array([-22.48965694,   2.45337983])"
490,3198,Kristian Martin Utkilen,1,"array([-22.51009623,   2.93838713])"
491,404,Arnfinn Torgnes,1,"array([-9.76881493, 35.67960461])"
492,962,Charlotte Fredrikke Hartvigsen Lem,2,"array([-9.31838257, 36.50436903])"
493,2239,Inger-Gunn Sande,2,"array([-9.85044086, 36.25526184])"
494,2926,Karl Johann Torgnes,1,"array([-8.91278594, 36.07870028])"
495,4521,Reidulf Gerhard Juliussen,1,"array([-9.20023939, 35.57624354])"
496,413,Arnstein Olav Wigestrand,1,"array([20.33125055,  3.46781932])"
497,2141,Hilde Drønen,2,"array([19.96202113,  2.96181032])"
498,2628,John Anthony Hogan,1,"array([19.66104947,  3.95782711])"
499,3275,Lars Arne Takla,1,"array([20.31163708,  4.08589996])"
500,5217,Therese Log Bergjord,2,"array([19.50155897,  3.45580396])"
501,415,Arnt Harald Jerpstad,1,"array([-35.16666502,  16.65434139])"
502,492,Åsmund Paulsen,1,"array([-35.207422  ,  17.19611692])"
503,935,Catrine Birkevold Liem,2,"array([-35.71125916,  17.42723435])"
504,1196,Eiolf Jarle Stein,1,"array([-35.66839989,  16.88180446])"
505,2244,Inger Elisabeth Prebensen,2,"array([-36.10304758,  16.55285911])"
506,3151,Knut Grønvik,1,"array([-36.17441984,  17.10943854])"
507,5559,Trine Sellæg Aulie,2,"array([-35.58596609,  16.33933014])"
508,427,Arve Andersson,1,"array([-1.94577155,  0.86010068])"
509,3305,Lars Hoven,1,"array([-2.51655317,  1.05516825])"
510,5134,Synne Syrrist,2,"array([-3.39378321,  0.62659825])"
511,430,Arve Giske,1,"array([-13.00303801,  -5.58952892])"
512,632,Berit Kjøll,2,"array([-13.60293324,  -6.49248961])"
513,1786,Guri Mai Elmar,2,"array([-13.86295518,  -5.63359161])"
514,4337,Per Heidenreich,1,"array([-13.31688901,  -5.93639935])"
515,5616,Trygve Hegnar,1,"array([-13.4626474 ,  -5.41046888])"
516,2890,Kari Stautland,2,"array([-5.89192895,  1.59667001])"
517,3614,Marianne Heien Blystad,2,"array([-6.07866243, -0.57941261])"
518,5733,William J Raduchel,1,"array([-5.43678279,  1.45413511])"
519,445,Arvid Axberg,1,"array([15.24138477,  5.8059491 ])"
520,923,Catherine Monique Nicole Marchand Støle,2,"array([15.75275163,  6.17383251])"
521,1155,Egil Steinberg,1,"array([16.08790404,  5.20614119])"
522,1448,Eva Nygård,2,"array([16.27223361,  5.81695426])"
523,1463,Eyvind Aven,1,"array([15.44039784,  5.20101472])"
524,5071,Svein Skeie,1,"array([15.76068135,  5.64247633])"
525,449,Arvid Grundekjøn,1,"array([-4.9371088 , -0.98439577])"
526,1715,Gry Mølleskog,2,"array([-4.4640371 , -1.08868277])"
527,2697,Jon Erik Brøndmo,1,"array([-4.72571999, -0.56204745])"
528,459,Åsa Helena Kristina Mossberg,2,"array([-6.34975994, -7.42205071])"
529,506,Astrid Moe Eikrem,2,"array([-6.82138661, -7.99694419])"
530,4412,Peter Ditlef Knudsen,1,"array([-6.20134301, -7.98801117])"
531,2238,Ingelise Arntsen,2,"array([0.78563824, 4.56587148])"
532,4326,Per Grieg,1,"array([0.50308127, 4.22003594])"
533,5192,Terje Ramm,1,"array([0.47027392, 4.87994481])"
534,5712,Wenche Kjølås,2,"array([2.62856499, 4.68490478])"
535,562,Bård Martin Mikkelsen,1,"array([-13.69111508,  -3.03352713])"
536,714,Bjørg Ven,2,"array([-12.20170954,  -3.3175029 ])"
537,1450,Eva Steiness,2,"array([-16.91955743,  -4.06341593])"
538,2090,Helge Midttun,1,"array([-16.02132816,  -3.81970999])"
539,2268,Ingrid Beichmann Wiik,2,"array([-18.38902216,  -2.73955861])"
540,2385,Jan Erik Korssjøen,1,"array([-15.08000274,  -4.05905781])"
541,2545,Jens Jesper Ovesen,1,"array([-12.51122881,  -2.69822638])"
542,2713,Jon Hindar,1,"array([-16.8164076 ,  -3.60719797])"
543,2976,Kenneth Peter Herry Hertz,1,"array([-12.53819111,  -3.04768897])"
544,3227,Kristin Skogen Lund,2,"array([-12.90175749,  -2.74174711])"
545,3717,Mats Gunnar Pettersson,1,"array([-16.48204345,  -4.06500211])"
546,4272,Peer Sørensen,1,"array([-12.17340641,  -2.92379934])"
547,4510,Rebekka Glasser Herlofsen,2,"array([-14.91478086,  -3.56542084])"
548,4874,Stein Erik Hagen,1,"array([-12.5850443 ,  -3.41924232])"
549,5069,Svein Sigurd Jacobsen,1,"array([-11.71414902,  -0.92123611])"
550,5312,Tom Kornelius Jensen,1,"array([-12.91352881,  -3.12501272])"
551,5748,Xavier Denis Yon,1,"array([-16.4304364 ,  -3.41833112])"
552,473,Åse Karin Tennebekk,2,"array([  2.72277655, -16.18288194])"
553,712,Bjørg Knapstad,2,"array([  2.23329893, -15.76494766])"
554,1072,Dagfinn Gjøstein,1,"array([  2.19615905, -16.31491718])"
555,2792,Jorunn Lødemel,2,"array([  1.68751239, -16.11592553])"
556,3927,Nils Ringheim,1,"array([  1.84211142, -16.71746874])"
557,4967,Stig Gunnar Røthe,1,"array([  2.47347739, -16.7752283 ])"
558,474,Åse Koll Lunde,2,"array([-38.40741253,   7.58954226])"
559,1363,Erik Olger Jacobsen,1,"array([-38.63036069,   8.51657887])"
560,2648,John Hatleskog,1,"array([-38.06628091,   8.17464627])"
561,5713,Wenche Kristine Rettedal,2,"array([-38.96846197,   7.9388732 ])"
562,484,Aslak Bestul,1,"array([17.4371431 , 13.09151852])"
563,620,Bente Thomassen,2,"array([18.3049174 , 13.75567013])"
564,1989,Harald Solberg,1,"array([17.36056   , 13.63211614])"
565,2261,Ingjerd Juel Ingeborgrud,2,"array([17.78843404, 13.96883113])"
566,3047,Kjell Hande,1,"array([18.37209148, 13.20796539])"
567,3469,Lise Graaten,2,"array([17.85904411, 13.42930183])"
568,4900,Steinar Eikeland,1,"array([17.92442637, 12.88160672])"
569,504,Astrid Koppernæs,2,"array([-18.71551991, -15.24013288])"
570,702,Bjarne Sælensminde,1,"array([-18.59690826, -14.73949805])"
571,761,Bjørn Havnes,1,"array([-18.29738883, -15.54522197])"
572,2505,Janne Grethe Strand Aasnæs,2,"array([-17.78842465, -15.39187462])"
573,4367,Per Norvald Sperre,1,"array([-17.75244095, -14.8572734 ])"
574,5109,Sverre Andreas Farstad,1,"array([-18.21227203, -14.99407506])"
575,508,Astrid Rebekka Norheim,2,"array([-11.56750596,  -8.71373644])"
576,921,Catherine Birgit Hauge,2,"array([-11.73867374,  -8.17995654])"
577,1053,Dag Elgar Sønsterud,1,"array([-12.50802867,  -8.68539325])"
578,3092,Kjersti Espeset Lie,2,"array([-12.36206452,  -8.16546732])"
579,4623,Rolf Fritjov Aarsheim,1,"array([-12.04458402,  -8.52850132])"
580,4949,Stian Helgøy,1,"array([-12.02476646,  -8.98578449])"
581,5376,Tor Dahle,1,"array([-12.03688015,  -7.05581301])"
582,519,Atle Sveinung Eide,1,"array([-11.3387701,  13.1524904])"
583,1515,Frank Ove Reite,1,"array([-11.38634914,  11.68165602])"
584,530,Audhild Bang Rande,2,"array([14.03442621, 18.28270458])"
585,864,Brynjar Kroknes,1,"array([13.85514905, 17.86073819])"
586,2264,Ingolf Arne Marifjæren,1,"array([14.89066165, 18.07710176])"
587,3055,Kjell Inge Skaldebø,1,"array([14.40344927, 17.14192596])"
588,3465,Lise Andrea Dahl Karlsen,2,"array([14.01819501, 17.24930402])"
589,4571,Robert Arnfinn Tønne,1,"array([14.36457675, 17.83977865])"
590,5516,Torstein Moe,1,"array([14.84738352, 17.61436886])"
591,5719,Wenche Stuvland Knygh,2,"array([14.49375546, 18.35146389])"
592,546,Axel Dammann,1,"array([22.05988596, -3.60793121])"
593,1263,Elisabeth Magnus,2,"array([22.59492219, -4.3837798 ])"
594,1966,Harald Hjort,1,"array([22.04016504, -4.55668579])"
595,1990,Harald Sperlin Thorstensen,1,"array([21.70875497, -4.06621602])"
596,3403,Leif Sven Helmich Pedersen,1,"array([22.60130587, -3.80280324])"
597,548,Axel Ramm,1,"array([-8.91266264, -5.56106089])"
598,1933,Hans Peter Lennarth Hansson,1,"array([-9.1212579 , -6.04047062])"
599,2218,Inge Ketil Hansen,1,"array([-9.45671601, -4.20005426])"
600,2402,Jan Håkon Pettersen,1,"array([-9.61756727, -6.02977629])"
601,3064,Kjell Martin Grimeland,1,"array([-9.85957942, -5.54371601])"
602,5328,Tom Vidar Rygh,1,"array([-9.37495138, -5.49337246])"
603,555,Barbara Rose Milian Thoralfsson,2,"array([-8.44307731,  4.04933932])"
604,866,Burckhard Bergmann,1,"array([-8.23770517,  3.67575405])"
605,3095,Kjersti Kleven,2,"array([-7.88567673,  4.1150029 ])"
606,4082,Olav Volldal,1,"array([-8.59147432,  3.51548373])"
607,4724,Sanjiv Ahuja,1,"array([-8.81065333,  3.89808402])"
608,556,Barbara Singer Lady Judge,2,"array([-11.90561151,   9.6432228 ])"
609,812,Bjørn Tore Godal,1,"array([-11.64601047,  10.29261933])"
610,843,Brit Gunn Ersland,2,"array([-11.90259024,   9.21331398])"
611,1615,Geir Nilsen,1,"array([-11.61342419,   9.84251848])"
612,1687,Grace Montgomery Reksten Skaugen,2,"array([-11.23483405,   9.61708163])"
613,2058,Heikki Lehmoinen Oltedal,1,"array([-11.52797642,   9.3772111 ])"
614,2337,Jakob Stausholm,1,"array([-11.97034934,  10.09566921])"
615,2788,Jorunn Birkeland,2,"array([-11.28772299,  10.04592825])"
616,3461,Lisa Margaret Michelsen,2,"array([-12.26395433,   9.43157781])"
617,4668,Roy Alexander Franklin,1,"array([-12.28379628,   9.83828829])"
618,616,Bente Rathe,2,"array([-10.90579078,  -2.7561704 ])"
619,720,Bjørn Anders Fossum,1,"array([-12.17193955,  -2.16897125])"
620,4720,Sam Carsten Syvertsen,1,"array([-12.65001319,  -2.12933808])"
621,569,Benedicte Elisabeth Bakke Agerup,2,"array([-1.87699163,  9.1395882 ])"
622,1337,Erik Gunnar Braathen,1,"array([1.00832655, 8.65096796])"
623,1672,Giuditta Cordero-Moss,2,"array([-0.03423286, 10.01157684])"
624,2395,Jan Frederik Dyvi,1,"array([-3.70400677,  8.8001482 ])"
625,2747,Jørgen Gregardsøn Heje,1,"array([-4.15302021,  8.8624767 ])"
626,2762,Jørgen Stang Heffermehl,1,"array([-0.25453379,  9.62749615])"
627,2807,Jostein Sørvoll,1,"array([0.09418482, 9.34084279])"
628,4610,Rolf Albert Wilhelm Tolle,1,"array([0.33137224, 9.72329749])"
629,5542,Tove Raanes,2,"array([-3.92176376,  8.40641175])"
630,570,Benedicte Elisabeth Schilbred Fasmer,2,"array([-18.44338569,  -9.56538197])"
631,573,Benedikte Bettina Bjørn,2,"array([-18.73117657,  -9.19101205])"
632,1962,Harald Espedal,1,"array([-18.24605436,  -8.79568475])"
633,4154,Ottar Ertzeid,1,"array([-18.07167883,  -9.24997688])"
634,5073,Svein Støle,1,"array([-18.71580325,  -8.71142222])"
635,1695,Grete Nanna Hogstad,2,"array([-21.53731106,   5.39536329])"
636,1841,Halvor Stenstadvold,1,"array([-20.48370642,   5.83952639])"
637,2602,Johan Reinsli,1,"array([-20.91143647,   5.13364664])"
638,3199,Kristian Nergaard,1,"array([-18.58517089,   5.22103363])"
639,3610,Marianne Elisabeth Johnsen,2,"array([-16.39595366,   5.38590217])"
640,3708,Masha Paule Nathalie Legris Strømme,2,"array([-21.47998147,   4.64754057])"
641,5034,Svein Erik Nicolaysen,1,"array([-21.07298577,   5.58480166])"
642,5225,Thomas Falck,1,"array([-18.95460451,   4.05263963])"
643,580,Bengt Henrik Olof Olsen,1,"array([11.0122218 , 21.46474757])"
644,914,Carole Callebaut,2,"array([11.33048176, 21.03737228])"
645,3445,Lindsay Poston,2,"array([11.9414989, 21.2290618])"
646,3553,Mai-Lill Ibsen,2,"array([10.87239755, 20.60699243])"
647,4781,Simon Matthew Dudgeon Oliver,1,"array([11.5570585 , 21.64148498])"
648,5223,Thomas Christian Høegh,1,"array([11.72892061, 20.70753849])"
649,581,Bengt Lie Hansen,1,"array([-14.10524491,   9.05858891])"
650,1041,Colette Lewiner,2,"array([-14.12512088,   9.83449777])"
651,1258,Elisabeth Harstad,2,"array([-13.49035248,   8.32865116])"
652,2129,Henry Haywood Hamilton,1,"array([-13.78412317,   9.45513346])"
653,3679,Mark Steven Leonard,1,"array([-14.60467574,   9.11902217])"
654,5673,Vicki Ruth Messer,2,"array([-14.57262612,   9.62375822])"
655,587,Benjamin John Latimer Stanway,1,"array([-14.56452857,   0.45247412])"
656,1350,Erik Klausen,1,"array([-14.3996101 ,   1.30305625])"
657,2036,Hege Wullum,2,"array([-14.81550003,   0.93854189])"
658,4059,Olav Fjell,1,"array([-14.1326237 ,   0.80450255])"
659,588,Benjamin Schei,1,"array([14.04701739, 15.99560511])"
660,863,Brynjar Kristian Forbergskog,1,"array([14.47246698, 16.15345641])"
661,4035,Ola Dybvik,1,"array([13.8169521, 16.7832506])"
662,4252,Paul Birger Torgnes,1,"array([13.45046419, 16.61137284])"
663,4273,Peggy Finboe,2,"array([14.12377724, 16.47930969])"
664,4849,Sonja Sundgot Johansen,2,"array([14.58205852, 16.58581966])"
665,4868,Stein Andre Herigstad Olsen,1,"array([13.65005898, 16.20929986])"
666,606,Bente Iren Falch-Larsen,2,"array([  6.30021579, -22.85733121])"
667,1465,Fabian Tobias Falch-Larsen,1,"array([  6.84795965, -23.39610775])"
668,2103,Helle Cecilie Lauvstad,2,"array([  6.09258695, -23.60981759])"
669,1431,Eva Birgitta Persson,2,"array([-9.25744721, -3.36972258])"
670,3495,Liv Monica Bargem Stubholt,2,"array([-9.67874233, -3.22597493])"
671,5290,Tito Botelho Martins Junior,1,"array([-9.31723781, -2.92856906])"
672,622,Benthe Elisabeth Løvenskiold Kveseth,2,"array([-14.86387976, -21.35704593])"
673,3910,Nils Johannes Vanebo,1,"array([-14.4823635 , -22.03389218])"
674,3969,Odd Henrik Vanebo,1,"array([-15.24794739, -22.01733901])"
675,624,Berge Gerdt Larsen,2,"array([-15.16436194,   6.15221149])"
676,1348,Erik Johan Frydenbø,1,"array([-14.4466433 ,   5.85728992])"
677,2033,Hege Sjo,2,"array([-15.87885234,   7.86300675])"
678,3596,Maria Moræus Hanssen,2,"array([-16.63709011,   6.73206925])"
679,3658,Marit Kristin Instanes,2,"array([-13.95355502,   4.11800884])"
680,4833,Sjur Storaas,1,"array([-14.84889574,   5.56493762])"
681,5447,Tore Lilloe-Olsen,1,"array([-15.55171034,   6.56626852])"
682,5650,Unni Fossberg Tefre,2,"array([-14.61659662,   6.48671064])"
683,631,Berit Hofvander,2,"array([-2.89885947, 32.69568134])"
684,5385,Tor Haddeland,1,"array([-2.20081595, 32.33364264])"
685,5678,Vidar Iversen,1,"array([-2.83102772, 31.95875226])"
686,1667,Gian Angelo Perrucci,1,"array([-14.31256293,  -7.87965988])"
687,3504,Lourdes Patricia De Las Mercedes Guerra,2,"array([-14.33144528,  -7.32363281])"
688,3686,Mårten Rød,1,"array([-13.74095093,  -8.02346105])"
689,5259,Thor Håkstad,1,"array([-13.7214316 ,  -7.48300148])"
690,635,Berit Rynning,2,"array([-9.81141055,  6.58314389])"
691,1118,Dionne Rochelle Chouest,2,"array([-9.5018218,  7.0937759])"
692,3857,Morten Ulstein,1,"array([-9.93500676,  7.05678189])"
693,4031,Øivind Lund,1,"array([-11.32667096,   7.22712126])"
694,638,Berit Sørland Wennersberg,2,"array([ 7.55472336, -8.55565085])"
695,4652,Rolf Waldemar Karlsen,1,"array([ 7.07254547, -8.80276388])"
696,5075,Svein Tømmerdal,1,"array([ 7.0221952 , -7.93888399])"
697,5660,Vegard Sævik,1,"array([ 6.68471496, -8.3510262 ])"
698,639,Berit Stokke,2,"array([ 2.98798493, 15.1096993 ])"
699,3350,Lars Tronsgaard,1,"array([ 2.21396991, 15.12915304])"
700,4391,Per Samuelsen,1,"array([ 3.69376112, 14.75655239])"
701,4407,Peter Andreas Behncke,1,"array([ 2.15752553, 14.61548563])"
702,707,Bjarte Henry Bruheim,1,"array([-6.20335173,  6.63400486])"
703,2533,Jeffrey Alan Harris,1,"array([-7.00155189,  6.35429361])"
704,642,Berit Vardenær Hertz,2,"array([-10.5612345 ,  11.05896439])"
705,1452,Eva Von Hirsch,2,"array([-9.87894396, 11.96389397])"
706,2658,John Olof Niclas Ljungblom,1,"array([-10.74086381,  10.60439595])"
707,3409,Leiv Grønnevet,1,"array([-10.31972663,  10.64435793])"
708,5558,Trine Sæther Romuld,2,"array([-11.02501006,  10.97132474])"
709,653,Bernt Olufsen,1,"array([-22.65402001,   9.28754078])"
710,841,Brigitta Monica Caneman,2,"array([-21.25567125,   8.25968816])"
711,1004,Christian Ringnes,1,"array([-22.53338074,   8.86215172])"
712,1447,Eva Merete Søfelde Berneke,2,"array([-22.15976379,   9.29744742])"
713,2914,Karl Christian Agerup,1,"array([-22.42579468,   9.66830774])"
714,3416,Lena Marianne Falk,2,"array([-21.71878147,   9.09197176])"
715,3641,Marie Elisabeth Ehrling,2,"array([-21.63282322,   9.51542845])"
716,3828,Morten Georg Jørgensen Lia,1,"array([-22.10854343,   8.80082759])"
717,4108,Ole Jacob Sunde,1,"array([-21.99347938,   9.76806596])"
718,655,Bernt Reitan,1,"array([-13.45798623,   6.09080686])"
719,783,Bjørn Margido Wiggen,1,"array([-14.26752159,   4.69784231])"
720,2068,Helene Margareta Vibbleus Bergquist,2,"array([-14.40417749,   5.18198481])"
721,2151,Hilde Merete Aasheim,2,"array([-12.84050869,   7.7202213 ])"
722,2153,Hilde Myrberg,2,"array([-13.96988009,   5.45094954])"
723,3410,Leiv Lea Nergaard,1,"array([-13.07357996,   7.34519436])"
724,3777,Mimi Kristine Berdal,2,"array([-14.59079078,   4.00173093])"
725,3961,Odd Christopher Hansen,1,"array([-13.69697397,   4.6796779 ])"
726,5077,Svein Tore Holsether,1,"array([-13.57653571,   5.14557253])"
727,5464,Tore Schiøtz,1,"array([-13.98005068,   5.01665673])"
728,656,Bernt Stilluf Karlsen,1,"array([-5.92138224, 34.30927687])"
729,3459,Linni Tiller,2,"array([-5.88339042, 35.08619699])"
730,4242,Pål Torleif Raaum,1,"array([-5.23438676, 34.67432484])"
731,657,Bernt Theodor Walther,1,"array([-22.03256689,   4.00837649])"
732,2623,John Afseth,1,"array([-22.68766404,   3.81553391])"
733,5215,Theresa Comiskey Olsen,2,"array([-22.96652188,   4.51510811])"
734,661,Bertel Otto Steen,1,"array([-2.6256708 , -1.27370649])"
735,1566,Frode Sigurd Berg,1,"array([-1.70556715,  0.13099711])"
736,1717,Gudmund Joar Bratrud,1,"array([-2.93416519, -2.46898987])"
737,2331,Jacob Andreas Møller,1,"array([-3.18736821, -2.08484821])"
738,3499,Live Bertha Haukvik Aker,2,"array([-4.80133073, -2.26119609])"
739,3587,Mari Line Myren,2,"array([-3.34617532, -2.77276592])"
740,3661,Marit Røed Ødegaard,2,"array([-0.26797044,  1.00227322])"
741,4806,Sissel Grefsrud,2,"array([-2.70794213, -3.22765328])"
742,5128,Sverre Stavseth,1,"array([-3.55830365, -2.37496294])"
743,664,Bettina Banoun,2,"array([-7.35703805,  0.87989644])"
744,1114,Diderik Børsting Schnitler,1,"array([-8.13475098,  0.17259447])"
745,2063,Helen Juell,2,"array([-6.86210999,  0.6347646 ])"
746,3861,Morten Wilhelm Wilhelmsen,1,"array([-7.52685435,  1.31304029])"
747,3986,Odd Rune Austgulen,1,"array([-6.90331438,  1.12327375])"
748,665,Bijan Mossavar Rahmani,1,"array([-13.58680866,   2.73699308])"
749,1755,Gunnar Hirsti,1,"array([-12.08803957,   3.15106004])"
750,4735,Shelley Margaret Watson,2,"array([-13.14858947,   2.74155843])"
751,666,Bill Schjelderup,1,"array([-13.7191754 ,  -4.32213787])"
752,1582,Gaute Simen Gravir,1,"array([-12.90155845,  -4.83965004])"
753,2497,Janicke Førde,2,"array([-13.21008494,  -4.40276623])"
754,2805,Jostein Refsnes,1,"array([-13.66948686,  -4.85544943])"
755,670,Birger Magnus,1,"array([-19.17587405,   6.97390198])"
756,681,Birgitte Nielsen,2,"array([-20.72640395,   7.3762377 ])"
757,1020,Christina Susanna Marianne Jonsson,2,"array([-17.94166951,   7.17580421])"
758,1920,Hans Kristian Rød,1,"array([-17.38485377,   5.38817148])"
759,2053,Heidi Skaaret,2,"array([-20.42105126,   7.74135946])"
760,2671,John Staunsbjerg Dueholm,1,"array([-20.07449083,   7.47970468])"
761,2687,Jon Arnt Jacobsen,1,"array([-20.3551053 ,   7.09979134])"
762,3206,Kristin Bjella,2,"array([-18.31874555,   6.36449917])"
763,3966,Odd Håkon Hoelsæter,1,"array([-17.96401472,   6.68491306])"
764,4096,Ole Ertvaag,1,"array([-18.36915487,   6.90925257])"
765,672,Birger Nergaard,1,"array([-8.79500667, -2.1098436 ])"
766,1798,Gustave Brun-Lie,1,"array([-7.89353327, -1.86727961])"
767,3604,Marianne Aamodt,2,"array([-8.37707608, -1.63180671])"
768,4470,Ragnar Horn,1,"array([-8.29692936, -2.20829578])"
769,682,Birgitte Nordvik,2,"array([-30.29028875, -11.41968582])"
770,1636,Geir Worum,1,"array([-30.78741647, -11.92973888])"
771,2131,Herdis Meldahl,2,"array([-29.70736604, -11.90926849])"
772,3283,Lars Christian Christensen,1,"array([-30.29575743, -12.49498575])"
773,3616,Marianne Hinna Fjogstad,2,"array([-30.22784955, -11.97524623])"
774,687,Birte Noer Borrevik,2,"array([20.49048481,  5.01652426])"
775,3107,Kjetil Bakken,1,"array([21.09688836,  4.59736674])"
776,688,Birte Norheim,2,"array([-30.24424331,  22.14117241])"
777,2393,Jan Erik Tveteraas,1,"array([-30.35414859,  21.39792444])"
778,4151,Oskar Mykland,1,"array([-29.64144024,  21.68288273])"
779,692,Bjarne Borgersen,1,"array([-11.14394077,   4.68434252])"
780,847,Brita Eilertsen,2,"array([-11.01503388,   3.9750617 ])"
781,3747,Mette Kristin Andersen,2,"array([-10.63301142,   4.87828327])"
782,5416,Torbjørn Lindrup Bjørklund,1,"array([-11.14604264,   5.17277549])"
783,5507,Tormod Schartum,1,"array([-11.51908826,   4.35766558])"
784,705,Bjarte Fagerås,1,"array([-16.02919462,   4.14887859])"
785,2629,John Anthony Howell,1,"array([-15.69770695,   3.79061068])"
786,4092,Ole Christen Wiborg,1,"array([-16.17989948,   3.69475524])"
787,4123,Ole Nygaard,1,"array([-16.43729093,   4.31164338])"
788,2959,Kathleen Ruth Arthur,2,"array([-4.91828744,  6.76947244])"
789,3982,Odd Næss,1,"array([-5.14575271,  7.20260726])"
790,709,Bjarte Røyrvik,1,"array([-10.95795573,  -0.89390371])"
791,833,Børre Loe Nordheim-Larsen,1,"array([-9.91337266, -0.7211253 ])"
792,2228,Inge Sørum,1,"array([-11.25597927,  -1.36072532])"
793,718,Bjørn Ågotnes,1,"array([-7.97883249,  6.83446023])"
794,2117,Henrik August Christensen,1,"array([-8.08542951,  8.6232367 ])"
795,2281,Ingun Stray Schmidt,2,"array([-6.99434009,  7.46728119])"
796,3245,Kristine Solberg Hjermann,2,"array([-7.70465717,  6.58122209])"
797,4249,Patrick Sandahl,1,"array([-8.96697873,  4.41765113])"
798,728,Bjørn Arnestad,1,"array([-13.29096468,  -1.26699426])"
799,3243,Kristine Landmark,2,"array([-14.98147545,  -1.12980764])"
800,5474,Torfinn Kildal,1,"array([-13.07623265,  -1.67667812])"
801,729,Bjørn Arve Ofstad,1,"array([1.0222418 , 1.34621413])"
802,1261,Elisabeth Krokeide,2,"array([1.97354011, 1.21158995])"
803,2521,Jarle Kjell Roth,1,"array([1.37562077, 1.66131304])"
804,2855,Karen Helene Ulltveit-Moe,2,"array([1.26195362, 2.21065524])"
805,3036,Kjell Erik Almskog,1,"array([0.80857548, 1.81444215])"
806,730,Bjørn Asp,1,"array([-14.54299039,   3.00199884])"
807,2686,Jon Andreas Elde,1,"array([-15.1317586 ,   3.07936021])"
808,737,Bjørn Dahle,1,"array([-10.72139358,  21.46110338])"
809,1550,Frode Alhaug,1,"array([-10.56421131,  20.05137651])"
810,2630,John Arild Ertvaag,1,"array([-10.65672582,  20.8299608 ])"
811,3590,Mari Trønnblom Skjærstad,2,"array([-11.18099928,  21.04255198])"
812,3688,Martha Kold Bakkevig,2,"array([-10.18073404,  21.14921172])"
813,738,Bjørn Edvart Kristiansen,1,"array([12.83036986, 12.4219254 ])"
814,1861,Hanne Karoline Kræmer,2,"array([12.82908187, 11.66337392])"
815,2893,Karianne Guttormsen Olsen,2,"array([13.49756538, 12.03771837])"
816,742,Bjørn Eie Henriksen,1,"array([-25.19933334,   0.180693  ])"
817,1251,Elisabeth Aarvaag,2,"array([-26.33081549,   0.43149003])"
818,2707,Jon Grude Gjedebo,1,"array([-26.79799447,   0.12142989])"
819,2922,Karl Henrik Hallin,1,"array([-26.14440788,  -0.51943706])"
820,3228,Kristin Solheim Genton,2,"array([-24.03751942,   0.29279923])"
821,4012,Oddvar Frigstad,1,"array([-2.60620178e+01, -2.05798232e-02])"
822,5434,Tore Gjedebo,1,"array([-26.69627921,  -0.37076957])"
823,5569,Trond Brandsrud,1,"array([-22.54194428,   0.86210801])"
824,743,Bjørn Einar Fische,1,"array([-1.28095003, 24.02467597])"
825,961,Charlotte Fische,2,"array([-1.3632531 , 24.59484928])"
826,4405,Pernille Fische,2,"array([-0.70886893, 23.93453685])"
827,4963,Stig Fische,1,"array([-0.45459995, 24.45923899])"
828,5216,Therese Fische,2,"array([-0.85694716, 24.87827145])"
829,744,Bjørn Elvestad,1,"array([ 6.80257826, 14.95324496])"
830,3558,Malin Birgitta Af Petersens,2,"array([ 6.368566  , 14.46484604])"
831,748,Bjørn Erik Lippestad,1,"array([-3.21463046, 12.58393943])"
832,1353,Erik Marthon Olsen,1,"array([-2.81610434, 12.90588146])"
833,2736,Jone Idsøe,1,"array([-2.67273596, 12.31278592])"
834,749,Bjørn Erik Næss,1,"array([-17.18427913,   1.67690438])"
835,925,Cathrine Klouman,2,"array([-17.22881171,   1.19458078])"
836,2897,Karin Bing Orgland,2,"array([-17.47815692,   2.0220582 ])"
837,3288,Lars Erik Rosén,1,"array([-17.59813245,   1.49341658])"
838,4691,Rune Bjerke,1,"array([-16.8629964 ,   2.01814876])"
839,4707,Rune Selmar,1,"array([-16.59352869,   0.84803059])"
840,5531,Tove Elisabeth Pettersen,2,"array([-16.75427343,   2.78821688])"
841,750,Bjørn Erik Reinseth,1,"array([ 14.98103139, -11.29929079])"
842,1075,Dagfinn Teigland,1,"array([ 14.24274913, -11.51577855])"
843,2457,Jan Peter Sunde,1,"array([ 14.41421022, -10.76423309])"
844,3484,Liv Berstad,2,"array([ 7.92488078, 17.34302722])"
845,3637,Marianne Wergeland Jenssen,2,"array([ 7.53231074, 17.85965986])"
846,766,Bjørn Ivar Carlsen,1,"array([-4.3147377 , 22.47919554])"
847,1854,Hanne Halén,2,"array([-4.1790909 , 23.21110266])"
848,2166,Hølje Tefre,1,"array([-3.59734339, 22.71674051])"
849,767,Bjørn Ivar Flatgård,1,"array([-13.96859487,   6.32307385])"
850,1797,Gustav Witzøe,1,"array([-12.28460457,   7.30236793])"
851,2105,Helle Kruse Nielsen,2,"array([-16.09348192,   5.8327604 ])"
852,4496,Randi Eidsmo Reinertsen,2,"array([-12.0159747 ,   7.63523989])"
853,5136,Synnøve Grinnen Ervik,2,"array([-12.00695993,   6.94755209])"
854,5441,Tore Heldrup Rasmussen,1,"array([-15.76558142,   5.59468016])"
855,5716,Wenche Nelly Albertina Rolfsen Sandsborg,2,"array([-17.15327081,   4.15313894])"
856,775,Bjørn Kaldhol,1,"array([-25.4652589 ,  18.02329429])"
857,1670,Gisle Halvorsen,1,"array([-25.44312522,  17.26046703])"
858,3725,May Britt Manin,2,"array([-26.11760989,  17.63485814])"
859,781,Bjørn Maaseide,1,"array([ 3.03361271, 23.39061431])"
860,1262,Elisabeth Line Saupstad,2,"array([ 2.84038214, 23.83956621])"
861,1477,Finn Einar Krogh,1,"array([ 2.48213789, 24.25465367])"
862,2231,Ingebjørg Storeide Folgerø,2,"array([ 2.32333919, 23.81119948])"
863,3255,Kurt Steinar Helland,1,"array([ 2.92240721, 24.43524225])"
864,4132,Ole Rugland,1,"array([ 3.26855938, 24.12653359])"
865,4485,Ragny Bergesen,2,"array([ 3.54698595, 23.67696135])"
866,5635,Ulf Karlsen,1,"array([ 2.56187218, 23.3822326 ])"
867,785,Bjørn Mikael Broberg,1,"array([-9.3002285 , 10.28648186])"
868,2903,Karin Magdalena Kvarnemar Gjefle,2,"array([-8.84133425, 10.14459945])"
869,5286,Timothy Storrs Jenks,1,"array([-8.81417648, 10.63380369])"
870,789,Bjørn Olaf Bratz,1,"array([-33.91557715,   5.30506913])"
871,3496,Liv Randi Høydahl Ohme,2,"array([-33.09390876,   5.9256571 ])"
872,4283,Per Anders Elind,1,"array([-34.10952353,   5.97012412])"
873,815,Bjørn Walle,1,"array([ 2.2168909 , 28.15442829])"
874,2280,Ingun Ranneberg-Nilsen,2,"array([ 1.50191173, 27.55982878])"
875,3608,Marianne Broholm Einarsen,2,"array([ 2.15746846, 27.50805181])"
876,4355,Per Kumle,1,"array([ 1.56139307, 28.21469212])"
877,821,Bo Magnus Jonsson,1,"array([-20.00397839,   4.47975607])"
878,3572,Margit Ulla-Britt Gunhild Fräjdin Hellqvist,2,"array([-20.43751877,   4.28809648])"
879,825,Bodil Marie Berg,2,"array([-24.02697627,  31.62159552])"
880,3617,Marianne Katrine Lindboe Ramstad Malone,2,"array([-23.37016393,  31.66751303])"
881,5130,Sverre Tore Evensen,1,"array([-23.99281681,  30.95274491])"
882,5383,Tor Fredrik Kielland,1,"array([-23.32534966,  31.00827803])"
883,826,Bodil Palma Hollingsæter,2,"array([-6.23666179, -1.79448145])"
884,977,Christian Berg,1,"array([-6.03483882, -2.63995006])"
885,1618,Geir Oddvar Bergvoll,1,"array([-5.71025382, -2.35419004])"
886,3769,Mikael Voss Mogensen,1,"array([-6.4209398 , -2.39361814])"
887,5343,Tone Cathrine Lunde Bakker,2,"array([-5.79655508, -1.8887154 ])"
888,5368,Tor Arild Østbø,1,"array([-6.10900902, -2.20289614])"
889,831,Borgny Eidesvik,2,"array([-4.76308919, 30.11146897])"
890,2334,Jakob Bleie,1,"array([-4.30055135, 29.81532018])"
891,3037,Kjell Erik Jacobsen,1,"array([-4.17176584, 30.33397291])"
892,3185,Kolbein Kåre Rege,1,"array([-4.73085756, 29.47235402])"
893,3286,Lars Eidesvik,1,"array([-3.75618135, 29.83817066])"
894,3795,Monica Havskjold,2,"array([-4.1153312 , 29.28809164])"
895,1304,Endre Storløkken,1,"array([-10.66525469,  -0.26343343])"
896,2077,Helge Engum Havskjold,1,"array([-9.46134793, -0.50435517])"
897,3748,Mette Krogsrud,2,"array([-9.09919202, -0.67413647])"
898,4955,Stig Andreas Dalen,1,"array([-10.19091952,  -1.05283174])"
899,1119,Dirk Blaauw,1,"array([-10.6596643 ,   3.34865766])"
900,1234,Elen Bente Loe,2,"array([-9.5889344,  4.0975424])"
901,4357,Per Kyllingstad,1,"array([-11.13055766,   3.33667227])"
902,855,Britt Mjellem,2,"array([4.49938894, 4.76724476])"
903,2073,Helge Arvid Møgster,1,"array([5.24907833, 4.7305308 ])"
904,860,Bror Ragnvald Risan,1,"array([-26.68814197,  23.55559367])"
905,2289,Ingvar Straume,1,"array([-27.37035938,  23.22229365])"
906,4495,Randi Anita Næsheim,2,"array([-27.36504401,  24.07477859])"
907,865,Brynjulf Freberg,1,"array([-15.67792815,   2.30767196])"
908,1479,Finn Haadem,1,"array([-15.51071591,   1.87483953])"
909,2270,Ingrid Elvira Leisner,2,"array([-16.02611943,   0.37173099])"
910,2358,Jan Anders Vestrum,1,"array([-15.11410601,   2.10323327])"
911,870,Camilla Elisabeth Magnus,2,"array([ 2.55399707, -4.0297223 ])"
912,1433,Eva Elisabet Kempe Forsberg,2,"array([ 2.05722914, -4.23564912])"
913,1485,Finn Jørgen Roll,1,"array([ 2.6781883 , -3.50667395])"
914,1802,Haakon Ambjørndalen,1,"array([ 2.14647395, -3.67795178])"
915,2415,Jan Hillesland,1,"array([ 1.69345972, -3.84386443])"
916,4525,Reinhard Stephan Schiebeler,1,"array([ 2.22619179, -3.20867796])"
917,876,Camilla Romero,2,"array([-17.36320044,  24.61183281])"
918,3000,Kim Jensen,1,"array([-17.51586755,  23.53443385])"
919,3001,Kim Romero Sanchez,1,"array([-17.44297961,  24.04376847])"
920,4896,Steinar Aune,1,"array([-16.9093967 ,  24.01690597])"
921,5138,Synnøve Jensen,2,"array([-17.97909784,  24.19507058])"
922,877,Camilla Røsjø,2,"array([-35.14065952,   9.21449244])"
923,1302,Endre Røsjø,1,"array([-35.8982202 ,   9.36501474])"
924,4089,Ole Bård Jacobsen,1,"array([-35.65539359,   8.62820661])"
925,884,Carl Anders Udden,1,"array([ 16.02087413, -14.94246905])"
926,2799,Jostein Christian Dalland,1,"array([ 15.98761269, -14.37118124])"
927,2901,Karin Judith Meyer,2,"array([ 15.43239286, -14.23389015])"
928,4481,Ragnhild Rønneberg,2,"array([ 15.12844101, -14.71960443])"
929,4482,Ragnvald Holm Lie,1,"array([ 15.49791868, -15.14949313])"
930,885,Carl Arnold Johansen,1,"array([-5.95830715, -4.86308416])"
931,4097,Ole Fredrik Anker-Rasch,1,"array([-6.42805153, -5.14193598])"
932,4480,Ragnhild Merete Myhrstad,2,"array([-6.58858165, -4.60535835])"
933,5652,Unni Irene Tenold,2,"array([-6.10498625, -4.34059062])"
934,886,Carl Astrup,1,"array([-32.36254147,   5.24045351])"
935,2759,Jørgen Pran,1,"array([-32.98313359,   4.9263449 ])"
936,891,Carl Einar Ianssen,1,"array([19.01152098, 17.94585564])"
937,3609,Marianne Draugsvoll,2,"array([19.78944162, 17.87719405])"
938,5528,Tov Ole-Jacob Westby,1,"array([19.33458434, 17.24783853])"
939,893,Carl Erik Krefting,1,"array([-27.35791521,  24.91294752])"
940,986,Christian Frederik Ness,1,"array([-28.02184229,  24.59683716])"
941,905,Carl Henrik Eriksen,1,"array([-19.49541262, -21.12601027])"
942,1236,Eli Arnstad,2,"array([-19.19040556, -21.57536719])"
943,3583,Mari Elisabeth Broman,2,"array([-18.94325022, -20.90787355])"
944,4414,Peter Groth,1,"array([-19.53132521, -20.5573715 ])"
945,5467,Tore Thorstensen,1,"array([-20.05474469, -21.25402164])"
946,907,Carl Jonas Birgersson,1,"array([ -6.08627221, -17.64434081])"
947,2984,Kerstin Louise Folvik,2,"array([ -5.71451589, -18.32323553])"
948,4207,Øyvind Sandaa,1,"array([ -6.49426721, -18.30657321])"
949,920,Catharina Petronella Johanna Pos,2,"array([13.4665911 ,  3.06972708])"
950,2137,Hessel Halbesma,1,"array([13.47406052,  2.30864732])"
951,4657,Ronald Peter Moolenaar,1,"array([14.1200224 ,  2.70417576])"
952,926,Cathrine Lønning Halle,2,"array([-9.59526859,  0.78815458])"
953,930,Cathrine Ulrichsen,2,"array([-9.22494167,  0.51787643])"
954,1115,Didrik Johannes Vigsnæs,1,"array([-8.72030191,  1.03044273])"
955,3852,Morten Sigval Bergesen,1,"array([-9.58543067,  0.05810584])"
956,4186,Øyvin Anders Brøymer,1,"array([-9.03632934,  0.04891809])"
957,4190,Øyvind Bjørn Kristiansen,1,"array([-9.15158033,  0.94655678])"
958,5025,Svein Brustad,1,"array([-8.75661156,  0.52160989])"
959,1120,Ditlev Gustav Wedell-Wedellsborg,1,"array([-10.01608563,  14.24301324])"
960,1569,Frode Strand-Nielsen,1,"array([-9.09560935, 14.70530676])"
961,2199,Indra Maria Åsander,2,"array([-9.55088817, 14.09834529])"
962,1011,Christian Tunge,1,"array([-1.93029461, 11.1713505 ])"
963,1605,Geir Inge Solberg,1,"array([-2.28047484, 11.415391  ])"
964,939,Cecilie Astrup,2,"array([8.98414251, 4.6870916 ])"
965,2200,Inga Lise Lien Moldestad,2,"array([7.32149112, 4.79034421])"
966,2380,Jan Erik Clausen,1,"array([8.34016062, 4.76071027])"
967,4253,Paul Christian Rieber,1,"array([8.7017554 , 5.20470295])"
968,5613,Trygve Arnesen,1,"array([8.59703298, 4.25275311])"
969,940,Cecilie Astrup Fredriksen,2,"array([-15.49335341,  10.5080904 ])"
970,953,Celina Midelfart,2,"array([-16.090358  ,   9.14702798])"
971,1531,Fredrik Halvorsen,1,"array([-14.75985217,  11.72309654])"
972,3380,Leif Frode Onarheim,1,"array([-16.28277953,   9.5371587 ])"
973,3757,Michael Parker,1,"array([-16.64096296,   9.26528895])"
974,4094,Ole Eirik Lerøy,1,"array([-16.22061264,   9.97437606])"
975,4277,Per-Erik Åsmyr,1,"array([-15.24494273,  12.01922517])"
976,4845,Solveig Strand,2,"array([-15.811338  ,   9.58074152])"
977,5015,Svein Aaser,1,"array([-14.80522335,  12.29091522])"
978,5401,Tor Olav Trøim,1,"array([-16.7079391 ,   9.76311536])"
979,943,Cecilie Gjedebo Andersland,2,"array([-4.42539875,  5.25113873])"
980,2744,Jørg Peter Aronsen Andersland,1,"array([-4.66958284,  4.74156514])"
981,5577,Trond Hermansen,1,"array([-4.0826506 ,  5.72071907])"
982,5747,Wollert Hvide,1,"array([-4.99615406,  5.15494238])"
983,946,Cecilie Helene Bakke,2,"array([-18.99629043,  -6.14935508])"
984,1219,Eivind Hadler-Olsen,1,"array([-19.13680654,  -6.6380433 ])"
985,1278,Ellen Merete Hanetho,2,"array([-18.13591714,  -5.51665314])"
986,1980,Harald Moræus-Hanssen,1,"array([-19.49615023,  -5.94457715])"
987,2683,Jon-Aksel Torgersen,1,"array([-19.97854867,  -6.55944269])"
988,947,Cecilie Johnsen,2,"array([2.36016173, 7.79837099])"
989,2709,Jon Harald Nordbrekken,1,"array([2.0474587 , 7.47012314])"
990,951,Cecilie Steenhoff Lind,2,"array([-11.42197401,   0.01749804])"
991,5735,William Paus,1,"array([-11.94263724,  -0.13618243])"
992,958,Charlotte Bjørn Gamst,2,"array([-10.28351771,  -4.36849624])"
993,4233,Pål Listuen,1,"array([-10.82662324,  -4.10610912])"
994,963,Charlotte Jansdotter Brogren,2,"array([-12.7917167,   3.7463812])"
995,4113,Ole Jørgen Fredriksen,1,"array([-10.67875276,   4.33682772])"
996,5211,Terje Walther Christoffersen,1,"array([-12.90448866,   4.21576004])"
997,968,Christen Knudsen,1,"array([-33.45035914,  -2.23253157])"
998,1683,Goran Sigfrid Gunnar Sigfridsson,1,"array([-33.03449   ,  -1.84871969])"
999,2012,Hedda Foss Five,2,"array([-33.85796287,  -1.40326673])"
1000,3783,Mona Elisabeth Møller,2,"array([-33.28213485,  -1.32732764])"
1001,4515,Reidar Huglen,1,"array([-33.96096348,  -1.96172135])"
1002,975,Christian Atle Lundstrøm Selmer,1,"array([-2.88645858, -0.30766682])"
1003,2128,Henrik Tangen,1,"array([-2.49289331,  0.13630389])"
1004,984,Christian Due,1,"array([-14.16605738,  -1.89736852])"
1005,1094,David Lawrence Shuler,1,"array([-14.5615975 ,  -2.31818173])"
1006,4281,Per-Ola Baalerud,1,"array([-14.60690672,  -1.89578083])"
1007,985,Christian Flod Stangeland,1,"array([  2.56282098, -22.87836367])"
1008,1177,Einar Idar Bjørgen,1,"array([  2.80166436, -23.62549748])"
1009,4923,Steinar Sønsteby,1,"array([  3.31789469, -23.06615431])"
1010,995,Christian Joseph Jean Marcel Tordo,1,"array([20.75081622, -8.92344775])"
1011,2179,Ian William Caxton Spencer,1,"array([20.6533498 , -9.67384466])"
1012,3739,Merethe Nordhelle Jørgensen,2,"array([20.04485574, -9.21665854])"
1013,999,Christian Martin Falster,1,"array([19.61581339,  7.44155496])"
1014,2237,Ingelin Drøpping,2,"array([18.89479486,  7.65512838])"
1015,4177,Øystein Myrvold,1,"array([19.44571094,  8.17294007])"
1016,1006,Christian Rytter,1,"array([-2.42430807, -4.4835998 ])"
1017,2120,Henrik Gøsta Axel von Platen,1,"array([-2.13986918, -4.03171704])"
1018,2450,Jan Ole Stangeland,1,"array([-1.64178194, -3.8617654 ])"
1019,3091,Kjersti Enkerud Ringdal,2,"array([-1.53547527, -4.38544445])"
1020,5118,Sverre Jørgen Tidemand,1,"array([-1.94160567, -4.70589549])"
1021,1008,Christian Syverstad,1,"array([ 0.82473288, 31.19660523])"
1022,2631,John Arthur Olafsen,1,"array([ 1.35540754, 30.79329971])"
1023,4681,Rudolf Giuseppe Galligani,1,"array([ 1.23898453, 31.716884  ])"
1024,5456,Tore Nyhus,1,"array([ 1.76875834, 31.3096384 ])"
1025,1538,Fredrikke Aaeng,2,"array([-1.09088053, 11.50176744])"
1026,1612,Geir Lie,1,"array([-1.3595388 , 12.00243505])"
1027,4204,Øyvind Norli,1,"array([-2.31918378, 10.55651699])"
1028,1015,Christin Steen-Nilsen,2,"array([-31.00053083,  -8.53101716])"
1029,1686,Gottfred Langseth,1,"array([-30.23316272,  -8.64385563])"
1030,2699,Jon Erik Reinhardsen,1,"array([-30.52033241,  -7.92441142])"
1031,1022,Christine Cross,2,"array([-20.80327898, -21.83228468])"
1032,3316,Lars Magnus Mattsson,1,"array([-20.98976662, -21.12315158])"
1033,1023,Christine Rødsæther,2,"array([18.83069652, 20.74553009])"
1034,3176,Knut Ravnå,1,"array([19.27558894, 21.11573093])"
1035,3226,Kristin Reitan Husebø,2,"array([18.3396773 , 21.03149167])"
1036,4550,Roald Georg Bergsaker,1,"array([19.03496477, 21.64270538])"
1037,4912,Steinar Madsen,1,"array([18.47136974, 21.59626076])"
1038,1033,Claes Martin Falkevall,1,"array([  8.94122189, -17.24107295])"
1039,1701,Grethe Helene Viksaas,2,"array([  9.27019963, -16.67430851])"
1040,2295,Ingvild Ragna Myhre,2,"array([  8.70714132, -16.34808459])"
1041,4222,Paal Scheen Raaholt,1,"array([  8.36859063, -16.91691408])"
1042,1035,Clare Anne White,2,"array([-13.68697353,  23.9733283 ])"
1043,4590,Robert Wilson,1,"array([-14.31709623,  23.5371121 ])"
1044,5003,Susan Margaret Cox,2,"array([-14.37784786,  24.30574963])"
1045,1045,Cornelia Ann O Neill Kormeseth,2,"array([-19.44855915,  33.40492804])"
1046,1535,Fredrik Stange,1,"array([-19.78586345,  33.85924153])"
1047,1709,Gro Merete Brækken,2,"array([-20.33682566,  33.66870698])"
1048,3189,Kristen Fretheim,1,"array([-20.32615303,  33.09157582])"
1049,4302,Per Audun Lillebø,1,"array([-19.78513887,  32.92379716])"
1050,5578,Trond Horneland,1,"array([-4.44944984,  6.13540844])"
1051,5597,Trond Tviberg,1,"array([-4.80535824,  5.74671824])"
1052,1049,Dag Andresen,1,"array([-16.70725499,   3.81463672])"
1053,1055,Dag Foss Lilleaas,1,"array([ 4.40630785, 29.62493949])"
1054,1058,Dag Herland Honningsvåg,1,"array([ 4.46038856, 28.84870983])"
1055,4984,Stig Torvund,1,"array([ 5.09653986, 29.27836716])"
1056,1059,Dag Ivar Thobroe,1,"array([-10.35758614,  -7.54626399])"
1057,1243,Eli Ystad,2,"array([-11.35661257,  -6.6662885 ])"
1058,1316,Erik Arvid Franck,1,"array([-10.67567578,  -8.32840803])"
1059,3094,Kjersti Hønstad,2,"array([-10.18915923,  -8.06230403])"
1060,3119,Kjetil Reinsberg,1,"array([-10.88866195,  -7.80066524])"
1061,1078,Dan-Viggo Bergtun,1,"array([ 9.67226689, 32.15186577])"
1062,1428,Eva Anna-Lee Bergtun,2,"array([10.42315187, 31.95068236])"
1063,1099,David Patrick Russell,1,"array([-7.76235865, 24.96582842])"
1064,3568,Margaret Lesley Jones,2,"array([-7.3237525, 24.1522027])"
1065,3728,Melanie Montague Trent,2,"array([-7.12849194, 24.78207418])"
1066,4493,Ralph John Whelan,1,"array([-7.95603985, 24.35233114])"
1067,1123,Ebba Cecilia Margareta Åsly Fåhraeus,2,"array([-10.43863856,   5.74995752])"
1068,3373,Leif Claes Johan Lindqvist,1,"array([-11.75707796,   5.05304974])"
1069,1136,Eelke Sjouke Titus Strikwerda,1,"array([14.01336723,  9.08136628])"
1070,1747,Gunnar Espeland,1,"array([13.25160986,  9.12715977])"
1071,2820,Julie Johnson Robertson,2,"array([13.58842037,  8.44092447])"
1072,1184,Einar Mårstad,1,"array([-28.30286028,  28.1176404 ])"
1073,1494,Finn Pedersen,1,"array([-27.59851286,  27.79719084])"
1074,4540,Rikard Arne Storvestre,1,"array([-27.66663288,  28.57275958])"
1075,1207,Eirik Steen Nøding,1,"array([-30.8770241 ,  17.57473926])"
1076,4235,Pål Reinert Bredvei,1,"array([-30.64124898,  16.83957274])"
1077,4490,Ralf Wilfried Baumann,1,"array([-30.1278623 ,  17.38569323])"
1078,1208,Eirik Stenberg,1,"array([-22.96951916,  22.1900104 ])"
1079,3813,Morten Bjarne Olsen,1,"array([-23.44034426,  22.7688292 ])"
1080,5339,Tommy Sveen,1,"array([-22.68652717,  22.89735587])"
1081,1284,Ellen Solstad,2,"array([5.22776875, 9.64922879])"
1082,1722,Gudmundur Asgeirsson,1,"array([6.07800497, 9.19572   ])"
1083,1910,Hans Inge Balchen Slethei,1,"array([5.80088503, 9.73343737])"
1084,5140,Synnøve Seglem,2,"array([5.57026484, 9.19945411])"
1085,1217,Eivind Grimsø Moe,1,"array([-35.43303217,  12.76289783])"
1086,1881,Hans-Ole Jochumsen,1,"array([-35.38562211,  11.8404065 ])"
1087,2274,Ingrid Maria Magdalena Hartman,2,"array([-34.84326523,  12.0432032 ])"
1088,2553,Jens Olof Henriksson,1,"array([-35.75421268,  12.27568712])"
1089,5008,Suzanne Dahl,2,"array([-34.87481232,  12.60910719])"
1090,1496,Fiona Forbes Walker,2,"array([-15.52802086,  -9.65935622])"
1091,2732,Jonas Per Jonhede,1,"array([-14.64439059,  -9.7439155 ])"
1092,3600,Maria Tallaksen,2,"array([-15.12906842,  -9.92408678])"
1093,4345,Per Inge Remmen,1,"array([-15.63050902, -10.10115296])"
1094,4531,Reynir Kjær Indahl,1,"array([-15.05666811,  -9.51024244])"
1095,5237,Thomas Nils Robert Nilsson,1,"array([-15.22632719, -10.3486118 ])"
1096,5539,Tove Magnussen,2,"array([-14.72897318, -10.16390338])"
1097,1233,Eldri Prestegård,2,"array([-34.81451674,   1.36697699])"
1098,2176,Ian David Gilham,1,"array([-35.09936717,   1.95440454])"
1099,2854,Karen Bibow,2,"array([-34.21220376,   1.64686276])"
1100,4664,Ronny Hermansen,1,"array([-34.50634185,   2.23837386])"
1101,2963,Kathryn Moore Baker,2,"array([-8.4296738 ,  4.56307165])"
1102,1237,Eli Folkestadås,2,"array([ -9.90059   , -25.75707921])"
1103,2760,Jørgen Randers,1,"array([ -9.6061616 , -26.46733229])"
1104,1953,Harald Arnet,1,"array([7.78625571, 1.96959304])"
1105,2403,Jan Haudemann-Andersen,1,"array([8.20127751, 2.48467396])"
1106,1273,Ella Skjørestad,2,"array([-11.4362728 ,  -5.89797271])"
1107,1481,Finn Haugan,1,"array([-11.71015864,  -5.60715689])"
1108,1930,Hans Olav Karde,1,"array([-12.17955445,  -5.65648471])"
1109,1963,Harald Gaupen,1,"array([-12.16958704,  -6.36381965])"
1110,3230,Kristin Undheim,2,"array([-11.94863162,  -5.98133799])"
1111,4956,Stig Arne Engen,1,"array([-12.41243112,  -6.05135162])"
1112,5449,Tore Medhus,1,"array([-11.69540723,  -6.24533234])"
1113,5169,Terje Johannes Kolberg Andersen,1,"array([-12.54307991,  12.26205733])"
1114,1254,Elisabeth Bjøre,2,"array([2.90218849, 1.16442328])"
1115,2041,Heidi Christin Ekrem,2,"array([3.41003205, 1.00267448])"
1116,4239,Pål Tajet,1,"array([2.97111652, 0.70438419])"
1117,4394,Per Simon Slettebø,1,"array([2.54708308, 0.45702169])"
1118,5031,Svein Eivindson Skorstad,1,"array([3.44259111, 0.4740344 ])"
1119,5512,Torstein Amund Opdahl,1,"array([2.99910328, 0.15323475])"
1120,1257,Elisabeth Gunilla Andreasson Andreassen,2,"array([-15.24232745,   7.92565144])"
1121,2374,Jan Egil Moe,1,"array([-14.69762807,   7.80428767])"
1122,1266,Elisabeth Runa Hurlen,2,"array([-8.3914222 , 32.18857271])"
1123,1507,Frank Edvard Sve,1,"array([-8.93777814, 32.1119053 ])"
1124,1691,Greta Remø Klokk,2,"array([-8.60063338, 31.67675704])"
1125,2424,Jan Kåre Aurdal,1,"array([-8.25851799, 31.24326759])"
1126,3389,Leif Jarle Aure,1,"array([-8.81029117, 31.17349915])"
1127,4003,Oddmund Langlo,1,"array([-9.14640988, 31.59868705])"
1128,5139,Synnøve Ramstad,2,"array([-8.04429162, 31.75520623])"
1129,1270,Elizabeth Schilling,2,"array([-13.09645661,  30.39163781])"
1130,2447,Jan Øistein Nielsen,1,"array([-12.45849308,  29.96288972])"
1131,3799,Monica Nielsen,2,"array([-12.39908363,  30.72596817])"
1132,2891,Kari Stenersen,2,"array([-17.02620521,  -4.86317424])"
1133,2994,Ketil Sandhaug,1,"array([-16.83829004,  -5.35130497])"
1134,4307,Per Carl Arne Molin,1,"array([-17.55205281,  -4.75160909])"
1135,5724,Widar Olsen,1,"array([-17.35884071,  -5.28919984])"
1136,1293,Else Kirsti Vika Furu,2,"array([-31.36976098,  24.3399793 ])"
1137,2215,Inge Furu,1,"array([-31.77273307,  25.16947848])"
1138,4271,Peder Ruud,1,"array([-31.9905272 ,  24.54104425])"
1139,5524,Torunn Nerby,2,"array([-31.14889628,  24.95784931])"
1140,1294,Else Kristine Krüger Hagen,2,"array([-24.02345752,   5.00669359])"
1141,1397,Erling Øverland,1,"array([-24.01327082,   5.57038396])"
1142,1499,Flemming Ørnskov,1,"array([-24.55131103,   5.38585997])"
1143,3122,Kjetil Tasken,1,"array([-24.55978341,   4.82266925])"
1144,1297,Elsebeth Budolfsen,2,"array([-18.38860452,   2.83770266])"
1145,1307,Eric Cameron,1,"array([-18.85276152,   3.04251066])"
1146,2126,Henrik Lund,1,"array([-18.48225287,   0.94093351])"
1147,1305,Endre Tarald Glastad,1,"array([-1.87791389, -0.77100139])"
1148,5203,Terje Sommer,1,"array([-1.49808852, -0.44991216])"
1149,2870,Kari Fredriksen,2,"array([-19.80767756,   2.93806754])"
1150,5258,Thor Gullik Kamfjord,1,"array([-19.78446852,   3.54295924])"
1151,1326,Erik Edvard Tønnesen,1,"array([-19.52202479,  22.11634601])"
1152,1767,Gunnar Norheim,1,"array([-19.83230216,  21.25169263])"
1153,3643,Marie Helena Levander,2,"array([-20.09368479,  22.15216218])"
1154,4163,Ove Gusevik,1,"array([-19.35939181,  21.58248502])"
1155,4432,Petter Berge,1,"array([-20.27071947,  21.60591918])"
1156,1356,Erik Mogens Mathiesen,1,"array([  0.06455463, -20.07602069])"
1157,1776,Gunnlaugur Jônsson,1,"array([ -0.45858812, -20.64382223])"
1158,4723,Sandra Nan Shaw,2,"array([  0.28776609, -20.80243897])"
1159,1761,Gunnar Kjell Bjørkavåg,1,"array([-9.45538105,  3.15423074])"
1160,2205,Ingar Sletten Kolloen,1,"array([-8.98577795,  3.1945242 ])"
1161,3033,Kjell Christian Ulrichsen,1,"array([-10.01084107,   0.39738636])"
1162,3507,Luciana Berger,2,"array([-9.78485852,  1.33923193])"
1163,3611,Marianne Elisabeth Sigurdson Lyngvi,2,"array([-10.06555264,  -0.18783439])"
1164,4792,Siri Birgit Teigum,2,"array([-9.72600695,  3.49006999])"
1165,5557,Trine Must,2,"array([-9.37495794,  2.47080877])"
1166,5560,Trine Syvertsen,2,"array([-9.26931994,  3.56871555])"
1167,1372,Erik Ronny Pinnås,1,"array([-10.31687298,   1.68217593])"
1168,1785,Guri Kogstad,2,"array([-10.57498964,   2.01041118])"
1169,1770,Gunnar Rørstad,1,"array([-13.47280521, -14.13705193])"
1170,2266,Ingrid Alfheim,2,"array([-14.42986359, -14.40156758])"
1171,3093,Kjersti Grimsrud,2,"array([-14.04395925, -13.9874226 ])"
1172,5020,Svein Arild Mathisen,1,"array([-13.86532849, -14.61983678])"
1173,1414,Espen Edwin Wiik,1,"array([-19.53127684, -11.69554997])"
1174,1996,Harald Walther,1,"array([-19.09370297, -12.09384018])"
1175,2016,Hege Bømark,2,"array([-18.40312107, -10.94208081])"
1176,1443,Eva Margrete Holt Kristensen,2,"array([-0.79392776, 28.23994877])"
1177,1791,Gustaf Solerød Christensen,1,"array([-0.94037973, 29.01182106])"
1178,5432,Tore Enger,1,"array([-1.51036682, 28.48209327])"
1179,2733,Jonathan Harry Lourie,1,"array([-10.27196924,  12.84990909])"
1180,3190,Kristen Stein Jakobsen,1,"array([-10.45127698,  13.33961917])"
1181,5702,Walter Sognnes,1,"array([-9.83966999, 13.14185535])"
1182,1577,Gabriella Teodora Bastiani,2,"array([-21.43572047,   1.15611776])"
1183,1487,Finn Lervik,1,"array([12.43250512, -8.93843382])"
1184,5348,Tone Liset,2,"array([11.75396746, -9.29497406])"
1185,5744,Willy Gautvik,1,"array([11.79912839, -8.52789141])"
1186,1520,Franz Peter Göran Lindelöv,1,"array([10.24823055, 20.02207824])"
1187,1532,Fredrik Jansen Sommernes,1,"array([-32.2610055 ,   6.29633218])"
1188,2615,Johannes Sjøflot,1,"array([-32.63353457,   6.99563619])"
1189,2983,Kerstin Birgitta Johansson Hedberg,2,"array([-16.09580518,  -2.21523862])"
1190,4172,Øystein Elgan,1,"array([-15.75777182,  -2.59234907])"
1191,2722,Jon Rømer Sandberg,1,"array([-10.44595197,  19.10025039])"
1192,4354,Per Kristian Olsen,1,"array([-10.94812329,  19.28449535])"
1193,5653,Unni Marie Rådalen,2,"array([-10.01589463,  19.38394306])"
1194,1559,Frode Kværneng,1,"array([11.52802244, -2.9391286 ])"
1195,2109,Henning Jarl Forsberg,1,"array([10.5647007 , -2.43675323])"
1196,2911,Karl Anders Hasler Følstad,1,"array([11.02952365, -2.14280888])"
1197,2948,Karsten Flemming Hansen,1,"array([11.06281383, -3.23912354])"
1198,3839,Morten Huth,1,"array([11.04372745, -2.70207148])"
1199,4211,Øyvind Stene,1,"array([11.5132381 , -2.40390144])"
1200,5754,Yngvar Reinholdt Wernersen,1,"array([10.5785971 , -2.99199728])"
1201,1812,Haavard Nord,1,"array([-8.779079  , 15.68100518])"
1202,3449,Line Cathrine Jørgensdatter Heje Brekke,2,"array([-8.43800866, 16.12913608])"
1203,4772,Silvija Seres,2,"array([-8.23241765, 15.32655554])"
1204,4891,Stein Surlien,1,"array([-7.95663418, 15.8010914 ])"
1205,1621,Geir Olsen,1,"array([-12.06304676,  -4.81937981])"
1206,1589,Geir Atle Sjøberg,1,"array([-12.44499004, -25.26566582])"
1207,2197,Ina Merete Flaatin,2,"array([-12.44595033, -24.5024293 ])"
1208,4690,Rune Askeland,1,"array([-13.10822919, -24.89835522])"
1209,1625,Geir Reigstad,1,"array([14.73240521, -0.64958881])"
1210,2414,Jan Henrik Paulsson,1,"array([14.00307787, -0.88869681])"
1211,5144,Tatjana Ilic,2,"array([14.14821535, -0.13284526])"
1212,1666,Gert Wilhelm Munthe,1,"array([ 9.18571387, 28.31151772])"
1213,2142,Hilde Furberg,2,"array([ 9.75203711, 28.0260236 ])"
1214,2578,Jo Erik Johnsrud Klaveness,1,"array([ 9.67257887, 28.55535459])"
1215,2580,Jo Olav Lunder,1,"array([ 9.92090065, 29.05491604])"
1216,4541,Rikke Kathrine Tobiasson Reinemo,2,"array([ 9.28028171, 28.95052334])"
1217,4794,Siri Fürst,2,"array([10.21487174, 28.47180379])"
1218,1681,Glen Ole Rødland,1,"array([-18.32842689,   1.40705768])"
1219,1757,Gunnar Hvammen,1,"array([-18.76037434,   1.34476689])"
1220,4183,Øystein Stray Spetalen,1,"array([-18.4449856,   1.8179973])"
1221,1682,Glenn Fred Arne Eilertsen,1,"array([ 7.99610036, 22.89849545])"
1222,1897,Hans Erik Solmunde,1,"array([ 7.45768951, 23.4331803 ])"
1223,2504,Janne Garvik,2,"array([ 7.27816957, 22.69733858])"
1224,1706,Gro Fjellheim,2,"array([  6.07173742, -15.77334111])"
1225,1955,Harald Bjørn Gløersen,1,"array([  5.55909938, -16.31567218])"
1226,5691,Vigdis Føllesdal,2,"array([  5.32443976, -15.57877923])"
1227,1713,Gry Hege Sølsnes,2,"array([-6.65582617,  4.23414067])"
1228,3952,Nora Førisdal Larssen,2,"array([-7.10576314,  4.04568926])"
1229,4065,Olav Kjell Holtan,1,"array([-7.21081298,  4.6891254 ])"
1230,4947,Stian Ekornes,1,"array([-6.67017747,  4.77491262])"
1231,1758,Gunnar Hviding,1,"array([  5.11231031, -19.76681845])"
1232,2428,Jan Leif Kristiansen,1,"array([  4.95123216, -19.24705058])"
1233,3510,Lynne Blakey Beutlich,2,"array([  4.59010212, -19.64373229])"
1234,4527,Renata Maria-Anna Jungo Brüngger,2,"array([  4.42001044, -19.13259922])"
1235,4532,Richard Charles Graves,1,"array([  4.75795639, -20.16853303])"
1236,4574,Robert Earl Daniel,1,"array([  4.2183039 , -20.05756552])"
1237,5743,Willy G E Vandomael,1,"array([  4.03519097, -19.53786367])"
1238,1772,Gunnar Sten Bøckmann,1,"array([-16.52812053,   0.08016094])"
1239,3181,Knut Trygve Flakk,1,"array([-16.51983289,  -0.33843532])"
1240,5125,Sverre Narvesen,1,"array([-16.01311434,  -0.12972346])"
1241,1793,Gustav Ingemar Kihlström,1,"array([-18.79545547,  -1.21560551])"
1242,5304,Tom Edward Pike,1,"array([-18.45255587,  -0.86766039])"
1243,5641,Ulrica Slåne,2,"array([-19.11487407,  -0.88386544])"
1244,4865,Steen Parsholt,1,"array([-1.33393707,  2.96830819])"
1245,5417,Torbjørn Martinsen,1,"array([-1.82453187,  2.74970882])"
1246,5466,Tore Tenold,1,"array([-1.33224999,  3.54310671])"
1247,5627,Turid Grotmoll,2,"array([-1.82052873,  3.36202051])"
1248,1807,Haakon Emil Shetelig,1,"array([-21.105323  ,  -6.69309955])"
1249,5233,Thomas Holtan Leskovsky,1,"array([-20.74990699,  -7.36734297])"
1250,5529,Tove Auset,2,"array([-21.36003188,  -7.25347781])"
1251,1828,Halle Ragnar Sivertsen,1,"array([  6.59415621, -12.68858048])"
1252,2494,Jane Hennie Sandvik Rasmussen,2,"array([  6.83178394, -12.31455966])"
1253,2520,Jarle Ketil Rasmussen,1,"array([  6.63011436, -11.86002867])"
1254,2886,Kari Rolstad,2,"array([  7.03402229, -11.74682484])"
1255,3581,Mari Anne Hoff,2,"array([  7.61581502, -12.32854674])"
1256,3755,Michael Jan Momyr,1,"array([  6.98212247, -12.8416989 ])"
1257,3985,Odd Reidar Øie,1,"array([  7.21281191, -12.25845211])"
1258,4093,Ole Dag Rustad,1,"array([  7.43358218, -11.88050743])"
1259,5421,Tordis Birgitte Vitsø Kjørsvik,2,"array([  7.39143896, -12.71490511])"
1260,5679,Vidar Kjesbu,1,"array([  6.41757272, -12.25385176])"
1261,1857,Hanne Høvding,2,"array([-22.91658107,  27.63040442])"
1262,1995,Harald Voigt,1,"array([-23.96998895,  27.6454465 ])"
1263,2582,Joan Kristin Frost Urstad,2,"array([-23.43845552,  27.4482616 ])"
1264,2720,Jon Ola Frankplads,1,"array([-23.45589002,  28.04139446])"
1265,3850,Morten Opstad,1,"array([-23.47196323,  26.79941887])"
1266,1887,Hans Berg,1,"array([16.2166932 , -4.66281589])"
1267,3220,Kristin Marie Nimsger,2,"array([16.87986438, -4.32262839])"
1268,4409,Peter Böhret,1,"array([16.24190336, -3.90500524])"
1269,1892,Hans Christian Lous,1,"array([  9.73472586, -20.77949336])"
1270,2056,Heidi Van Der Kooij,2,"array([  9.52322267, -19.88016178])"
1271,2159,Hiroko Mowill,2,"array([ 10.09906169, -19.93130669])"
1272,4360,Per Magne Bårdsgjerde,1,"array([  9.30445599, -20.40229076])"
1273,4629,Rolf Jan Mowill,1,"array([ 10.2265776 , -20.47598663])"
1274,1997,Harold Clive Mather,1,"array([-11.12543371, -20.07891391])"
1275,2668,John Rowland Wilson,1,"array([-11.60987737, -20.32565561])"
1276,3242,Kristine Holm,2,"array([-12.1313984 , -20.52998935])"
1277,3317,Lars Marcus Hansson,1,"array([-11.42012961, -20.8294336 ])"
1278,5347,Tone Kvåle,2,"array([-11.85756216, -19.81914083])"
1279,2460,Jan Petter Storetvedt,1,"array([-17.88555877, -10.33769618])"
1280,3775,Mikkel Vislie,1,"array([-17.3586503, -10.5999087])"
1281,4556,Roar Engeland,1,"array([-17.44633854, -10.1524493 ])"
1282,5070,Svein Sivertsen,1,"array([-15.2298933 ,   6.96415466])"
1283,2158,Hilde Waage,2,"array([6.35088059, 4.88295431])"
1284,2094,Helge Ranvik,1,"array([-7.84467652, -1.04691389])"
1285,2882,Kari Mette Tjølsen Pah,2,"array([-8.17702253, -0.64332043])"
1286,3344,Lars Rønn,1,"array([-7.39966056, -0.77009746])"
1287,3472,Lise Sofie Haug Nissen-Meyer,2,"array([-7.69325887, -0.35752322])"
1288,2320,Ivar Qvist,1,"array([-6.72331417, 10.01422705])"
1289,4816,Siv Blanca Børge-Ask,2,"array([-5.79675638, 11.50191486])"
1290,2420,Jan Inge Nore,1,"array([19.59686548,  2.10086514])"
1291,3804,Mons Svendal Aase,1,"array([20.32285469,  2.09908501])"
1292,2636,John Edward Berriman,1,"array([-19.6547023 ,  -3.63578494])"
1293,2796,Joseph Anderson,1,"array([-20.07290011,  -3.73547363])"
1294,2812,Judith Ann Hemberger,2,"array([-20.19707705,  -3.31227794])"
1295,2840,Kapil Dhingra,1,"array([-20.31741236,  -2.90223702])"
1296,4284,Per Anders Göte Samuelsson,1,"array([-19.8892469 ,  -2.80809885])"
1297,4880,Stein Holst Annexstad,1,"array([-19.67562132,  -3.19501357])"
1298,2149,Hilde Maren Haugnes Schjager,2,"array([ 12.29457707, -17.49747737])"
1299,2910,Karl Anders Grønland,1,"array([ 12.7092547 , -16.96329907])"
1300,3684,Marte Kopperstad,2,"array([ 13.24066733, -17.38035523])"
1301,3754,Michael Grant Jacobs,1,"array([ 12.83196492, -17.91040189])"
1302,2180,Ib Kunøe,1,"array([14.45620091, 23.85063113])"
1303,3244,Kristine Markusson Madsen,2,"array([15.50408926, 23.91591716])"
1304,3843,Morten Jurs,1,"array([15.19208314, 23.33711741])"
1305,4756,Sigrun Ingrid Hjelmqvist,2,"array([14.650516  , 23.30176723])"
1306,5100,Sven Madsen,1,"array([14.90068753, 24.16060342])"
1307,2217,Inge Harald Berg,1,"array([16.57396957,  2.137303  ])"
1308,4595,Roger Brynjulf Mosand,1,"array([16.22133741,  1.46722606])"
1309,5367,Tor Anders Elvegård,1,"array([16.97180481,  1.49144231])"
1310,2232,Ingeborg Ådnanes,2,"array([21.99999421, 14.86190447])"
1311,2326,Iver Tønnessen Mathiesen,1,"array([21.9768523 , 15.71473072])"
1312,3388,Leif Inge Håland,1,"array([22.00113982, 14.00513281])"
1313,5157,Terje Frafjord,1,"array([21.31188216, 15.36048106])"
1314,5198,Terje Sætrevik,1,"array([22.6690991 , 14.34121963])"
1315,2260,Ingjerd Cecilie Hafsteen Blekeli Spiten,2,"array([-24.11394962,  -5.30081968])"
1316,2823,Kaare Frydenberg,1,"array([-24.80394313,  -4.72844249])"
1317,2919,Karl Gunnar Opdal,1,"array([-24.6267256 ,  -5.21787555])"
1318,3222,Kristin Natasha Røhne,2,"array([-24.13216205,  -4.76501871])"
1319,3358,Lasse Gimnes,1,"array([-24.44825752,  -4.34130393])"
1320,2275,Ingrid Maria Stenmark,2,"array([-32.90873048,  20.10886709])"
1321,2401,Jan Håkan Martin Dahlström,1,"array([-33.6085598,  20.4556158])"
1322,3718,Mats Robert Tilly,1,"array([-32.97008016,  20.88777114])"
1323,2920,Karl Heine Ulvebne,1,"array([-5.45807854,  8.23174317])"
1324,3392,Leif Jørgen Moger,1,"array([-5.58090574,  8.68308175])"
1325,5232,Thomas Høgebøl,1,"array([-6.04120344,  8.77100789])"
1326,5451,Tore Moger,1,"array([-5.91115736,  8.31360144])"
1327,2305,Ivan Eduardo Orlic Ticeran,1,"array([-15.73711677,   5.01998889])"
1328,3246,Kristjan T Davidsson,1,"array([-15.19971207,   4.66650696])"
1329,4152,Osterlin Luis Dyer Ampuida,1,"array([-15.31437358,   5.0803032 ])"
1330,4462,Piero Martin Dyer Coriat,1,"array([-16.05324048,   4.71077649])"
1331,4721,Samuel Edward Dyer Ampudia,1,"array([-15.68719037,   4.56583808])"
1332,4736,Sheyla Dyer Coriat,2,"array([-15.39565032,   4.25488454])"
1333,2319,Ivar Olsen,1,"array([22.27491435, -0.23628427])"
1334,3707,Mary Kay Gould,2,"array([23.03302682, -0.15624444])"
1335,2390,Jan Erik Schulien,1,"array([-36.12676028,  -4.81976145])"
1336,2493,Jane Coenen,2,"array([-35.5586966 ,  -4.87456553])"
1337,3418,Lena Schøning,2,"array([-36.3462288 ,  -5.34732744])"
1338,4084,Ole-Martin Lund Andreassen,1,"array([-35.93077769,  -5.72243538])"
1339,4441,Petter Jakob Bjerve,1,"array([-35.43564546,  -5.43089496])"
1340,2430,Jan Lindstad,1,"array([-24.16556619, -18.95212523])"
1341,4937,Stephan Omer Theophiel Temmerman,1,"array([-23.95323757, -19.68788889])"
1342,5243,Thomas Sassan Farhang,1,"array([-24.68392395, -19.51393319])"
1343,2444,Jan Nylund,1,"array([-6.78319668, 27.41783282])"
1344,2957,Katharina Ringen Asting,2,"array([-7.28771075, 27.99443695])"
1345,3072,Kjell Olav Skogen,1,"array([-6.5604709 , 28.14201221])"
1346,2571,Jim Roger Nordly,1,"array([-37.94065536,  -0.35996938])"
1347,4217,Paal Christian Krüger,1,"array([-37.36373996,  -0.84843548])"
1348,4848,Songul Nordly,2,"array([-38.06929718,  -1.11525126])"
1349,2691,Jon Christian Syvertsen,1,"array([-32.59976476,   7.94773206])"
1350,3182,Knut Werner Larsen,1,"array([-33.40027002,   6.79403368])"
1351,3673,Marius Bruu,1,"array([-31.93452427,   7.64248175])"
1352,5422,Tore Amundsen,1,"array([-24.25104627,   3.57188293])"
1353,5656,Valborg Lundegaard,2,"array([-23.99115672,   4.08598783])"
1354,2876,Kari Liltved,2,"array([ 4.17539757, 17.1911133 ])"
1355,2975,Kenneth Malcolm Bailey,1,"array([ 4.32060515, 16.64203386])"
1356,3703,Martine Evelyn Vice Holter,2,"array([ 3.64466439, 16.9502451 ])"
1357,4558,Roar Flom,1,"array([ 3.77468549, 16.3770623 ])"
1358,2653,John Markus Lervik,1,"array([-12.33978587,   3.99835836])"
1359,5605,Trude Svartdal Husebø,2,"array([-12.43230364,   4.44954285])"
1360,5523,Torunn Lange Gjedebo,2,"array([-27.718721  ,  -0.30055763])"
1361,2726,Jon Terje Øverland,1,"array([-4.76188653, 13.0935016 ])"
1362,2754,Jørgen Myrland,1,"array([ -6.34105702, -25.89252571])"
1363,5219,Thomas Aanmoen,1,"array([ -6.8926324 , -25.37049008])"
1364,5647,Ulrika Elisabeth Carlsson,2,"array([ -6.16068464, -25.13942172])"
1365,2767,Jørgen Winness Aspenes,1,"array([ 4.4363981 , 23.93236315])"
1366,4175,Øystein Kjellsen,1,"array([ 4.72619991, 23.40433375])"
1367,5443,Tore Jarl Hjelseth,1,"array([ 4.22706091, 23.05780943])"
1368,2899,Karin Inga Margareta Josefsson,2,"array([-24.02765177,  26.18458552])"
1369,4459,Pia Catarina Thomasdotter Göthe,2,"array([-22.95747798,  26.16775057])"
1370,4544,Rita Glenne,2,"array([-23.20510172,  25.65560432])"
1371,4633,Rolf Knut Lennart Åberg,1,"array([-23.47993227,  26.18432682])"
1372,5737,William Raymond Salaneck,1,"array([-23.79106004,  25.65914779])"
1373,2955,Katha Birgitte Thommesen-Kähler,2,"array([ 3.1491505 , 34.51392827])"
1374,4436,Petter Faye-Lund,1,"array([ 3.06331416, 33.9489906 ])"
1375,4861,Ståle Leitvoll,1,"array([ 3.71002731, 34.60208113])"
1376,5204,Terje Stabæk,1,"array([ 3.5735272 , 33.70062357])"
1377,5493,Torild Skogsholm,2,"array([ 3.97410074, 34.09697496])"
1378,3067,Kjell Øivind Hansen,1,"array([-16.71040264, -24.67008337])"
1379,4023,Øistein Nyberg,1,"array([-17.07814505, -24.1145494 ])"
1380,4328,Per Gunnar Løge,1,"array([-17.65087419, -24.47609572])"
1381,5059,Svein Ove Bjørnestad,1,"array([-17.26908127, -25.04393332])"
1382,3130,Knut Åm,1,"array([-12.7002229 ,  33.93724614])"
1383,3569,Margarita Hoffmann,2,"array([-13.03709872,  34.40277794])"
1384,3690,Martin Bachmann,1,"array([-13.59227733,  34.23317819])"
1385,5285,Ties Tiessen,1,"array([-13.58720389,  33.66271687])"
1386,5657,Valerie Edith Bosse,2,"array([-13.03539263,  33.47315863])"
1387,5316,Tom Lysaker,1,"array([16.18254227, 24.56056267])"
1388,5479,Torgeir Mjør Grimsrud,1,"array([16.42830952, 23.86231227])"
1389,3269,Lars-Krister Dahlqvist,1,"array([ 6.5835368 , 26.44025874])"
1390,4458,Pia Anette Dahlqvist,2,"array([ 6.53233121, 27.20838944])"
1391,5420,Tord Anders Magnus Wallgren,1,"array([ 5.88693951, 26.77124118])"
1392,3352,Lars Wenaas,1,"array([ 18.22846522, -11.51249718])"
1393,3434,Lillian Wenaas,2,"array([ 18.70625003, -12.0992596 ])"
1394,5606,Trude Wenaas,2,"array([ 17.95645439, -12.22078516])"
1395,3432,Lill Nyseter Kortgaard,2,"array([ -4.15888935, -20.61748675])"
1396,3872,Nicolai Jarlsby,1,"array([ -3.5317473 , -20.86986938])"
1397,4823,Siv Karin Einstabland Kvåli,2,"array([ -4.39997629, -21.24985158])"
1398,5160,Terje Gunnulfsen,1,"array([ -3.77605957, -21.49266353])"
1399,3597,Maria Naziana Jensen-Eian,2,"array([-31.98227593,  -5.43667704])"
1400,4191,Øyvind Bjørnstad,1,"array([-32.10728723,  -6.19646219])"
1401,4198,Øyvind Jensen-Eian,1,"array([-32.69812569,  -5.72557353])"
1402,3625,Marianne Marker Holsing,2,"array([-34.75652258, -10.0527398 ])"
1403,4834,Slawomir Stochnialek,1,"array([-34.02149964, -10.31561975])"
1404,4945,Steven Rafferty,1,"array([-34.16930331,  -9.54801451])"
1405,3627,Marianne Morris,2,"array([ 11.45774758, -13.5695089 ])"
1406,4081,Olav Thon,1,"array([ 11.46874166, -13.02864212])"
1407,4750,Signe Moland,2,"array([ 10.95282286, -13.19354411])"
1408,4803,Sissel Berdal Haga,2,"array([ 11.80892328, -12.60864799])"
1409,4981,Stig Olav Jacobsen,1,"array([ 11.97372136, -13.21808251])"
1410,5049,Svein Kristian Leer-Salvesen,1,"array([ 11.17217571, -12.58145356])"
1411,3990,Odd Svein Hjelmeland,1,"array([-26.0453388 ,  20.79595869])"
1412,4294,Per Arne Eide,1,"array([-25.34478464,  20.4710316 ])"
1413,4618,Rolf Eide,1,"array([-25.41997811,  21.24214677])"
1414,4067,Olav Kongsvoll,1,"array([19.09525281, -5.99035177])"
1415,4396,Per Stølsnes Ravlo,1,"array([19.76746784, -6.33284074])"
1416,5011,Svanhild Torun Odden,2,"array([19.13527595, -6.75544627])"
1417,5436,Tore Grøttum,1,"array([-21.29554739,   3.70246702])"
1418,4318,Per Erik Burud,1,"array([-37.59316015,   3.62115906])"
1419,5185,Terje Navjord,1,"array([-38.1588862 ,   4.12504644])"
1420,5400,Tor Øivind Kirkeng,1,"array([-38.30437128,   3.37278728])"
